sleep_hours,study_hours_week,commute_time_min,rain,alarm_snoozes,job_hours_week,caffeine_mg_morning,prev_tardies_week,first_class_hour,bus_delay_min,extracurricular_hours_week,weekend_sleep_debt_hours,commute_mode,late
7.17,5.4,22.6,0,1,6.7,44.8,0,8,0.0,7.7,2.1,car,0
5.55,9.6,39.8,0,1,9.3,3.1,1,10,0.0,5.1,1.6,bus,1
7.7,14.1,31.4,1,1,9.7,22.4,0,8,0.2,2.1,0.8,car,1
7.93,11.5,19.6,0,0,7.4,93.0,0,9,0.0,6.1,1.9,bus,0
4.46,8.7,17.6,0,1,11.9,72.5,2,8,0.0,5.7,0.8,car,0
5.24,8.6,8.2,0,2,0.0,1.8,0,10,0.0,7.9,6.9,walk,0
6.95,8.4,31.5,0,3,5.6,87.8,1,8,0.0,7.5,1.5,car,0
6.42,7.6,23.7,0,0,8.3,70.9,0,8,0.0,4.7,1.3,bike,0
6.78,23.4,0.0,0,0,4.9,19.6,0,8,0.0,3.6,0.9,bus,0
5.78,13.5,21.6,1,4,19.8,67.8,1,10,0.6,5.0,5.6,car,1
7.86,16.4,17.2,0,1,10.1,70.7,1,8,0.0,6.1,-1.3,bike,0
7.73,9.6,46.9,0,0,11.1,53.0,0,9,0.0,6.5,2.7,car,0
6.88,11.1,7.6,0,1,7.1,145.6,2,8,0.0,5.9,1.5,walk,1
8.15,8.4,10.7,0,2,9.9,0.0,1,10,0.0,4.7,-0.8,bus,0
7.36,0.0,41.3,0,3,2.7,0.0,1,8,0.0,8.0,0.4,bike,1
5.77,5.1,44.3,1,1,9.0,90.2,0,11,5.6,3.0,2.6,walk,0
7.24,2.9,19.1,0,0,4.4,95.8,0,8,0.0,12.4,0.3,bike,0
5.65,0.8,20.4,0,2,8.3,114.3,0,8,0.0,7.3,2.5,bike,0
7.85,6.0,35.4,1,0,0.0,57.7,0,8,0.6,1.6,5.5,bus,0
6.74,18.6,0.1,0,2,3.2,34.9,0,7,0.0,5.6,2.3,bike,0
6.58,11.8,5.7,0,3,18.8,89.6,1,9,0.0,7.3,-0.9,walk,1
5.98,18.5,24.6,0,1,15.0,63.5,0,8,0.0,4.0,0.3,car,0
8.27,14.1,46.6,1,1,17.9,183.1,0,10,6.7,0.5,1.4,car,0
6.61,15.9,22.8,0,1,18.3,70.5,1,9,0.0,1.9,1.3,bus,0
6.29,7.5,29.2,1,1,14.0,86.8,1,8,4.1,6.6,2.3,bus,0
6.38,14.6,41.6,1,3,7.3,238.5,0,9,1.0,0.0,2.6,bus,0
7.44,15.6,53.3,1,3,3.8,78.3,1,8,1.5,0.7,5.5,bus,1
7.24,9.1,21.1,1,0,16.9,123.4,1,8,1.9,6.6,2.0,car,0
7.3,14.8,27.8,1,1,10.4,128.8,2,8,1.1,4.3,-0.3,bus,0
7.32,14.8,49.9,1,1,25.0,133.9,0,8,1.4,2.9,4.3,bus,0
9.37,9.3,9.7,1,0,7.8,107.4,0,8,0.1,3.5,4.5,bus,0
6.31,6.4,40.3,1,1,21.8,101.6,0,11,0.5,0.6,2.5,bike,0
6.19,6.1,15.8,1,1,9.1,96.0,2,9,1.8,6.5,1.5,car,0
5.82,12.4,29.2,1,0,18.0,55.4,3,11,1.2,2.6,3.2,walk,0
7.54,13.6,25.1,0,0,20.2,109.5,0,8,0.0,3.4,1.6,bus,1
8.15,8.0,16.5,0,1,3.9,211.7,0,10,0.0,6.0,-2.0,walk,0
6.66,12.1,16.2,0,0,7.1,162.6,0,8,0.0,4.2,3.1,walk,0
5.79,14.9,31.3,1,0,3.8,108.2,0,8,1.8,2.9,3.8,bus,0
5.81,15.1,39.9,0,1,2.6,141.3,0,10,0.0,0.0,4.9,bike,0
7.58,19.8,26.4,1,0,14.0,37.8,0,7,3.5,6.1,0.5,bus,0
7.69,18.4,28.8,1,2,8.8,74.4,0,8,3.6,5.2,2.5,walk,0
7.45,7.0,34.9,1,1,10.3,146.9,0,10,0.1,3.4,2.5,bus,0
6.0,20.4,16.3,0,1,13.3,179.2,0,9,0.0,1.9,2.2,bike,0
7.08,9.3,36.9,1,1,0.0,43.7,0,9,4.6,5.0,2.2,bus,0
6.94,17.2,37.8,1,3,17.7,61.0,0,8,0.0,6.4,2.1,walk,0
7.06,12.3,59.2,1,1,7.9,220.9,2,7,4.7,5.3,2.4,bike,1
7.85,9.9,23.5,1,1,13.2,95.8,0,11,0.9,9.9,3.5,walk,0
7.07,3.0,22.5,0,1,13.7,199.4,0,8,0.0,7.1,4.4,car,0
7.61,11.1,37.2,0,1,18.2,102.4,0,8,0.0,4.7,0.5,car,0
6.88,4.2,37.8,0,0,9.4,104.8,0,8,0.0,7.2,1.7,car,0
7.15,16.8,21.6,1,2,0.0,71.7,1,11,2.9,5.1,1.2,walk,0
7.56,19.6,23.2,0,1,10.3,146.6,0,10,0.0,5.1,0.9,walk,0
5.05,8.0,34.5,1,0,11.2,171.5,1,9,4.7,8.9,-1.2,car,0
6.42,13.5,18.1,1,1,3.8,27.9,0,11,2.0,2.3,2.0,bus,0
6.24,8.4,23.1,0,1,10.9,68.9,0,7,0.0,5.1,3.0,bus,0
6.03,8.9,29.1,0,2,7.8,144.9,1,10,0.0,8.6,1.7,bus,0
6.47,15.9,40.0,0,0,1.9,82.2,2,7,0.0,5.9,2.0,walk,0
8.59,11.8,20.7,1,2,14.0,60.4,1,8,2.6,3.9,2.8,bus,0
5.76,20.7,5.9,0,1,6.6,150.6,0,7,0.0,0.0,4.8,car,0
7.96,9.6,5.0,0,0,7.6,156.2,0,11,0.0,0.0,1.2,bike,0
4.78,17.0,12.9,1,1,7.2,63.0,1,11,1.1,11.2,-0.3,bus,0
6.4,12.5,12.2,0,1,17.4,102.7,0,9,0.0,5.9,1.8,car,0
7.0,16.0,26.1,1,0,9.8,17.5,1,8,2.0,3.2,5.8,bike,0
7.5,9.8,13.7,0,1,10.5,36.3,2,8,0.0,6.0,-0.3,walk,0
7.65,11.8,19.6,0,1,7.4,97.4,2,8,0.0,2.2,3.3,bike,0
7.75,11.4,18.7,0,4,12.8,91.9,4,8,0.0,4.0,4.3,walk,1
6.38,7.8,22.7,0,1,18.1,32.0,1,7,0.0,2.2,-2.0,bus,0
6.25,15.3,43.9,0,1,13.9,47.0,1,9,0.0,0.8,2.8,bus,0
7.83,15.3,35.9,1,0,14.1,26.1,1,9,1.9,0.0,3.2,walk,0
6.57,15.0,28.2,0,0,13.6,117.3,0,11,0.0,0.2,1.5,walk,0
5.27,19.7,22.5,0,1,1.7,0.0,1,9,0.0,8.1,0.7,bus,1
5.44,19.2,22.8,0,2,4.7,29.3,2,8,0.0,2.0,0.8,bus,1
5.7,10.1,31.9,0,1,8.8,0.0,0,9,0.0,6.6,1.3,bus,1
7.4,13.9,35.0,1,2,5.6,115.1,1,8,2.4,7.9,1.4,bus,0
6.97,8.9,17.1,0,0,3.6,0.0,1,9,0.0,5.0,1.0,bike,0
7.63,12.1,28.4,1,1,0.0,91.9,0,10,2.9,4.1,1.3,car,0
6.29,9.0,3.6,0,0,1.9,188.4,0,8,0.0,5.4,4.4,walk,0
6.99,20.1,30.5,0,1,8.5,190.4,3,8,0.0,3.8,-0.4,bike,0
7.55,13.8,37.1,0,1,9.6,0.0,1,10,0.0,8.6,-1.5,walk,0
6.43,10.9,24.6,0,1,5.2,107.9,2,9,0.0,10.6,4.4,bus,1
7.35,18.0,49.8,1,1,10.5,30.7,1,9,5.0,9.3,1.6,bus,1
6.01,1.1,17.4,0,0,7.4,18.4,0,10,0.0,0.0,1.2,walk,0
6.36,1.9,30.6,0,1,16.5,83.2,1,9,0.0,3.7,1.8,walk,0
6.34,16.0,27.6,1,2,9.0,163.7,0,7,0.5,5.0,2.4,bike,0
5.36,12.3,26.8,0,0,14.2,126.0,1,10,0.0,6.4,1.0,bike,0
7.38,13.3,26.6,1,0,11.2,47.1,1,11,4.0,0.0,3.0,car,0
6.24,5.4,29.3,1,0,1.6,132.3,0,7,0.7,0.0,0.1,car,0
6.81,11.9,38.2,1,1,9.5,0.0,2,8,1.7,8.9,1.4,bus,0
7.38,22.0,44.5,1,2,2.6,44.8,0,10,6.2,3.3,-2.0,walk,0
7.34,16.1,28.0,1,1,9.4,40.6,0,9,4.0,0.5,4.3,walk,0
7.6,12.8,37.8,0,1,5.5,94.7,3,8,0.0,1.7,1.6,bus,1
6.68,9.8,19.6,1,1,12.3,77.8,1,9,2.6,6.2,3.3,car,0
6.29,10.0,37.2,0,2,1.9,81.5,1,10,0.0,2.5,3.0,bus,1
6.7,1.4,18.9,1,1,10.1,79.5,0,9,2.2,5.7,3.1,walk,0
4.78,13.3,41.1,1,1,13.4,91.3,0,8,0.1,2.1,2.0,bus,0
5.06,16.2,54.5,0,0,15.4,122.4,2,7,0.0,0.0,2.8,car,1
5.21,4.1,26.5,1,1,5.4,99.0,0,8,1.0,9.3,0.1,bus,0
5.6,8.7,1.7,1,0,10.1,72.9,1,11,0.2,6.2,-0.3,bike,1
7.28,6.2,21.4,0,3,11.1,114.1,0,9,0.0,4.0,1.8,bus,0
5.71,7.2,42.8,0,1,19.3,139.6,4,8,0.0,3.4,0.6,bus,1
6.35,12.3,34.6,1,2,1.1,56.6,0,11,3.6,9.4,4.9,bus,1
8.36,1.6,31.0,1,2,4.5,86.4,0,8,0.2,6.8,2.8,bike,0
6.37,15.1,40.1,0,4,26.8,159.7,2,9,0.0,8.4,0.6,bike,0
7.69,15.8,33.8,0,0,8.4,23.8,0,8,0.0,3.2,1.5,bus,0
5.68,10.7,42.6,1,0,0.0,198.3,0,10,1.1,5.2,2.3,bus,1
6.55,0.0,39.0,0,2,6.5,9.7,0,10,0.0,6.2,1.9,walk,0
5.66,7.0,46.3,0,0,0.0,69.3,1,10,0.0,3.3,2.5,walk,0
6.39,18.2,32.3,0,0,11.4,33.0,0,8,0.0,4.7,2.1,walk,0
7.81,0.0,38.9,0,2,14.9,221.3,2,8,0.0,3.2,-0.8,walk,0
4.73,10.3,24.3,0,3,4.5,59.8,0,8,0.0,6.2,-2.0,bike,1
7.32,6.1,20.8,1,3,7.2,59.9,0,11,1.4,1.0,1.3,car,0
7.09,16.0,48.5,0,2,15.5,67.8,0,7,0.0,6.7,3.1,bike,1
6.09,8.6,30.6,1,1,0.0,95.7,0,9,3.6,5.9,1.3,bike,0
5.06,14.0,37.7,0,1,2.1,70.3,0,10,0.0,4.4,4.5,car,0
6.89,14.8,29.5,0,1,8.6,82.0,0,8,0.0,6.3,1.9,car,0
6.16,21.2,21.0,0,2,5.5,0.0,0,8,0.0,3.9,4.7,bus,0
7.08,11.0,28.1,0,0,8.2,93.4,0,7,0.0,3.0,4.3,walk,0
6.83,13.9,45.2,0,0,2.4,91.1,1,9,0.0,6.6,4.1,walk,0
8.72,4.6,34.7,0,2,11.3,152.3,0,11,0.0,6.8,-0.4,car,0
6.51,18.0,7.5,0,0,9.1,168.5,1,8,0.0,3.5,2.0,walk,0
5.57,8.2,25.4,0,0,13.3,78.7,0,11,0.0,3.2,4.4,bus,0
7.02,9.2,49.4,1,0,11.2,139.0,1,8,2.3,4.5,2.5,bus,0
7.06,11.9,25.4,0,2,11.2,23.9,0,8,0.0,3.3,3.1,bus,1
8.43,4.2,6.4,1,1,1.3,136.0,2,11,0.3,9.6,-0.8,bus,0
7.8,13.1,50.7,1,1,13.0,55.7,0,10,0.0,5.9,5.8,bike,0
7.23,16.8,36.2,0,3,8.0,18.9,0,8,0.0,5.0,0.4,bus,0
8.56,13.5,27.2,0,1,9.0,78.9,1,9,0.0,2.2,-2.0,car,0
5.37,4.1,23.5,0,1,16.3,174.0,0,10,0.0,7.2,1.3,walk,0
6.03,11.4,41.0,0,0,5.7,100.9,1,10,0.0,3.2,-2.0,car,0
5.69,15.7,21.5,0,0,18.1,179.8,0,9,0.0,3.0,-0.2,bus,1
6.33,2.6,41.8,0,1,18.7,45.1,0,8,0.0,7.3,7.1,walk,0
5.15,6.6,34.5,0,1,14.5,152.9,0,7,0.0,6.2,1.2,car,0
7.56,16.4,30.9,0,2,4.1,50.9,1,9,0.0,0.0,-0.9,car,0
6.53,13.4,29.7,1,1,0.0,103.5,1,9,3.4,4.5,2.1,car,0
5.04,14.1,25.9,1,1,16.5,103.0,0,8,2.0,5.4,0.2,car,1
5.58,21.3,40.5,1,1,10.7,129.7,0,8,4.0,4.0,3.7,bus,1
7.18,14.3,17.6,0,1,5.5,105.0,0,8,0.0,5.5,0.2,walk,0
7.81,15.3,8.5,0,2,17.0,45.6,0,9,0.0,0.0,2.5,walk,0
9.2,25.6,35.4,0,0,4.8,142.8,1,8,0.0,0.0,-0.3,car,0
10.3,10.9,35.6,1,0,7.5,193.9,1,8,2.3,2.1,7.2,car,1
7.3,8.0,33.8,0,0,13.1,55.0,1,8,0.0,5.8,3.0,car,1
5.61,14.1,32.9,0,0,3.3,0.0,1,10,0.0,0.0,1.7,car,0
4.24,14.2,24.2,0,1,9.3,120.0,4,9,0.0,2.5,1.4,bus,1
7.12,9.4,37.4,1,1,16.5,70.1,1,8,3.7,0.0,0.9,walk,1
5.82,6.8,27.5,0,0,11.3,82.1,1,8,0.0,4.3,0.5,walk,0
6.3,23.5,22.2,0,1,17.5,123.4,0,8,0.0,10.9,0.4,bus,1
6.07,13.6,24.3,0,1,16.8,62.6,1,9,0.0,4.3,5.4,bike,0
6.63,8.3,52.2,0,2,10.0,73.9,1,9,0.0,4.7,0.9,walk,1
8.08,16.6,7.2,0,2,0.0,84.0,2,9,0.0,7.5,-2.0,car,0
6.99,11.5,34.0,0,3,3.4,178.2,0,9,0.0,5.1,-0.3,bike,0
6.61,10.7,7.9,0,1,14.6,91.8,0,8,0.0,4.4,3.9,bus,0
5.56,14.8,26.7,1,1,0.7,15.9,0,8,0.6,7.8,1.5,car,0
4.79,5.5,22.8,0,0,8.0,18.2,0,7,0.0,6.4,1.7,bus,0
6.22,13.8,3.0,1,0,12.0,98.4,1,9,0.3,5.9,4.3,bike,0
6.74,21.6,32.7,0,1,18.8,22.2,0,8,0.0,4.6,0.4,bus,0
8.92,14.3,23.4,1,0,6.5,0.0,0,10,0.0,4.0,3.3,bus,0
6.96,10.1,2.8,0,0,6.1,128.1,1,8,0.0,7.8,0.7,walk,0
7.98,9.5,38.1,1,1,9.7,131.1,0,9,1.0,4.0,3.2,bus,0
6.2,9.9,45.2,0,0,12.1,67.9,0,8,0.0,8.7,1.2,bike,0
5.38,10.7,45.9,1,1,9.1,107.6,0,8,2.2,1.9,1.5,car,0
5.64,10.1,32.3,0,3,16.3,101.3,1,10,0.0,9.3,3.6,car,0
5.93,16.6,28.6,1,1,5.2,126.1,1,7,3.3,6.4,3.5,walk,0
9.35,3.3,43.9,1,0,10.7,126.3,2,8,0.3,2.1,1.7,car,0
5.81,16.3,48.2,0,0,12.7,0.0,0,8,0.0,6.5,1.1,walk,0
7.81,10.1,41.6,0,0,7.6,75.6,0,10,0.0,3.0,5.2,walk,0
5.72,13.9,16.7,0,1,15.0,121.1,1,8,0.0,5.1,3.2,bike,0
7.92,6.4,30.4,0,0,10.9,65.4,1,11,0.0,3.5,1.2,car,0
7.26,18.6,33.3,0,1,14.7,92.2,0,11,0.0,4.6,0.7,car,0
6.61,18.2,6.3,0,0,11.2,135.0,0,10,0.0,7.8,4.0,car,0
6.75,16.8,33.6,0,0,12.3,94.9,0,8,0.0,6.6,2.2,walk,1
6.01,4.4,55.3,0,0,6.2,180.5,0,9,0.0,1.6,1.7,walk,0
7.34,16.1,35.7,1,0,6.2,157.6,0,7,0.4,1.8,2.2,walk,0
6.25,14.0,45.7,0,2,17.3,82.9,1,10,0.0,5.8,2.7,bus,1
5.33,4.0,30.2,1,1,13.8,78.1,1,9,1.2,6.0,1.9,bus,0
5.27,11.9,27.1,0,1,3.9,0.0,0,8,0.0,3.0,4.4,walk,1
7.01,13.8,32.6,0,0,11.1,70.4,0,8,0.0,9.8,4.5,bus,0
8.69,14.8,18.2,0,1,0.0,8.8,2,10,0.0,7.4,3.1,bus,0
6.99,12.9,16.4,1,0,6.6,103.3,1,10,1.2,3.1,4.7,bike,1
6.66,13.5,43.2,0,0,15.8,99.2,2,9,0.0,2.8,2.0,bus,0
7.14,19.4,44.5,1,1,9.2,131.8,0,9,0.8,4.3,3.4,bus,0
8.37,18.1,16.1,0,1,10.7,173.8,0,10,0.0,4.0,4.0,bike,0
7.06,0.0,39.6,0,1,0.0,88.4,0,10,0.0,8.8,4.0,bike,0
6.31,10.4,27.0,0,0,7.6,226.8,1,10,0.0,8.0,3.8,bus,0
8.13,11.2,32.1,0,2,12.0,103.9,0,8,0.0,5.1,3.3,walk,0
7.31,3.2,33.5,0,0,12.8,11.4,0,9,0.0,7.0,5.9,car,0
8.64,12.5,39.9,0,4,15.8,56.3,1,10,0.0,7.5,0.9,bike,0
7.02,18.2,29.0,0,1,8.7,67.6,1,8,0.0,5.2,1.7,walk,0
5.33,6.6,44.9,0,2,9.0,125.5,0,8,0.0,6.2,1.6,bus,1
5.16,13.7,31.7,0,2,2.0,33.2,0,7,0.0,6.8,1.3,bus,1
8.78,7.4,35.5,1,1,8.8,72.1,0,8,4.4,6.5,-2.0,walk,0
8.87,8.6,18.0,0,5,2.4,80.3,0,10,0.0,2.7,4.7,walk,0
6.58,19.4,53.9,0,1,0.0,63.1,0,8,0.0,3.0,-0.1,car,0
6.34,9.3,33.6,1,2,3.5,138.7,0,9,3.7,4.1,2.3,bus,0
8.55,14.3,36.6,0,2,19.1,128.5,0,7,0.0,2.9,-0.8,walk,0
5.47,2.6,8.7,0,2,8.4,160.0,1,10,0.0,0.6,3.2,bike,1
5.73,21.3,18.1,1,0,11.3,70.1,0,10,2.0,7.0,0.4,bus,0
7.57,15.0,42.9,1,2,6.9,162.2,0,9,4.7,6.0,-0.3,bus,0
6.33,11.1,31.4,1,1,0.0,8.2,4,10,3.8,1.0,2.4,bus,0
6.79,14.9,5.0,0,2,15.6,6.7,1,8,0.0,4.3,0.6,walk,0
6.6,5.0,40.5,1,3,0.0,17.2,1,10,1.3,4.4,0.9,walk,0
7.21,17.9,21.5,0,0,6.7,90.6,0,10,0.0,5.5,2.3,car,0
8.49,10.4,44.9,1,0,9.7,162.1,3,8,2.8,1.8,3.6,bus,0
6.91,11.0,26.9,1,2,11.4,53.9,0,11,0.4,0.9,0.4,car,0
7.57,9.5,30.5,1,1,5.6,61.4,0,7,0.8,6.6,0.0,walk,1
4.34,9.1,42.1,0,2,0.0,77.0,0,9,0.0,0.4,2.0,bike,0
6.74,15.5,17.2,0,0,5.2,124.4,0,8,0.0,4.3,3.1,bus,0
5.79,13.3,16.1,1,0,5.5,61.3,0,10,2.3,4.0,4.9,bike,0
5.34,15.3,25.6,0,1,5.4,58.0,1,7,0.0,4.6,-0.1,bus,0
5.75,12.0,37.9,0,1,15.8,9.3,2,7,0.0,5.8,1.4,bus,0
6.4,14.6,12.0,1,1,2.7,55.7,0,9,0.7,9.8,4.4,walk,0
7.9,9.9,8.0,0,0,11.8,160.6,0,11,0.0,0.2,5.9,walk,0
5.21,23.1,37.9,0,2,10.9,95.5,0,8,0.0,7.6,0.0,bike,0
6.84,4.2,20.8,0,0,15.8,45.6,1,9,0.0,0.0,0.5,walk,0
6.22,18.3,23.3,0,2,9.2,164.2,0,9,0.0,9.2,2.8,walk,0
6.41,18.8,5.7,0,0,14.7,54.9,3,10,0.0,0.0,0.8,car,0
8.0,7.7,19.9,0,0,9.0,175.2,1,8,0.0,12.3,0.5,bus,0
7.45,23.1,27.9,1,2,12.6,174.2,0,9,2.8,3.8,2.5,bus,1
8.4,17.0,39.2,1,1,1.0,93.4,2,11,5.5,8.9,5.1,car,1
6.61,16.9,18.7,0,1,0.0,0.1,0,8,0.0,8.3,-0.6,bike,0
5.96,12.1,47.9,0,0,12.3,227.4,0,8,0.0,3.7,5.0,walk,0
6.53,10.9,19.8,1,1,12.6,113.2,2,10,2.2,3.9,0.9,bus,1
7.09,11.0,19.8,1,3,12.9,70.6,0,8,2.4,2.5,2.7,bus,0
7.01,14.0,46.4,1,1,6.9,147.4,1,8,6.0,7.4,5.2,bus,0
5.5,19.0,30.5,0,2,18.9,132.1,0,8,0.0,3.7,2.7,bike,1
6.91,12.9,21.4,1,0,7.2,168.7,2,10,1.4,2.5,1.4,car,0
7.07,7.4,26.1,0,3,12.5,50.3,1,11,0.0,6.6,3.4,walk,1
9.82,16.1,44.2,0,3,13.6,109.1,1,9,0.0,2.3,1.7,walk,0
9.05,16.6,45.6,1,3,20.3,18.8,1,9,4.5,4.0,3.0,bike,0
5.78,15.3,18.2,0,1,8.1,130.0,0,8,0.0,5.3,1.6,bus,0
6.46,15.7,27.5,0,1,6.1,88.6,1,7,0.0,3.1,3.7,bike,0
5.04,10.6,29.1,0,0,1.0,106.9,0,8,0.0,3.5,-0.8,walk,0
6.09,7.4,16.2,0,4,19.3,81.2,0,8,0.0,9.6,-0.0,walk,0
7.18,7.7,27.3,0,1,12.5,74.9,2,8,0.0,4.4,-0.8,bike,0
8.25,3.8,28.1,1,0,12.7,37.9,1,9,3.3,3.9,1.9,car,1
5.93,13.2,41.7,0,1,28.7,137.4,1,8,0.0,4.5,-1.1,walk,0
6.02,11.6,42.5,0,2,12.0,179.4,0,7,0.0,6.4,0.6,car,1
4.22,9.8,24.0,1,0,2.2,56.6,1,8,0.4,1.9,-0.2,bus,0
6.6,0.0,25.4,0,1,8.8,123.2,0,8,0.0,6.3,5.0,walk,0
5.53,5.8,36.0,1,1,4.2,115.9,1,8,4.9,5.8,0.0,bus,0
6.16,17.6,21.0,0,2,7.6,90.5,0,8,0.0,0.0,-0.6,bus,0
5.75,8.7,35.1,0,0,7.6,0.0,0,8,0.0,10.4,2.5,bike,0
6.69,13.8,26.9,0,1,6.5,11.9,0,9,0.0,9.4,5.4,bus,0
4.69,5.0,16.4,1,0,1.6,43.1,0,10,0.5,2.6,1.8,bus,0
5.04,19.2,16.5,0,2,19.6,0.0,1,10,0.0,1.6,1.9,walk,1
9.36,11.3,45.4,1,2,11.8,174.5,1,10,3.2,5.7,4.6,car,0
5.26,13.5,26.1,0,1,8.6,112.1,0,9,0.0,0.7,3.8,car,0
5.48,23.6,47.7,0,1,14.5,88.2,0,11,0.0,9.1,2.9,bus,0
9.0,19.6,21.8,0,1,12.8,0.0,3,9,0.0,3.6,0.8,bus,0
10.29,10.5,31.5,0,1,11.7,0.0,3,9,0.0,9.9,2.9,car,0
5.39,9.0,56.7,0,1,14.1,89.9,1,8,0.0,2.5,-0.7,walk,1
6.36,10.4,15.3,0,2,10.8,208.2,1,8,0.0,4.7,0.8,car,1
7.21,14.5,5.2,0,0,14.0,48.1,1,8,0.0,8.8,4.9,bus,0
8.87,11.5,43.4,0,0,14.5,141.8,1,8,0.0,4.0,4.6,car,0
5.62,10.0,18.1,0,1,11.0,61.2,0,10,0.0,5.8,2.9,bus,0
6.51,19.3,27.8,0,1,8.7,93.3,1,7,0.0,8.3,-1.9,bus,0
7.73,11.4,21.0,0,0,19.2,162.9,0,9,0.0,3.3,-0.4,bus,0
7.32,23.5,31.2,0,2,7.1,69.2,1,10,0.0,1.2,0.6,walk,0
6.35,12.5,16.6,0,1,12.3,48.6,1,9,0.0,0.6,1.7,walk,1
6.64,20.9,25.8,0,1,12.5,175.1,2,7,0.0,6.8,-0.5,car,0
5.15,13.8,33.4,0,2,6.3,92.7,0,8,0.0,6.2,1.5,walk,0
6.51,16.8,15.9,1,5,5.2,155.5,1,8,0.9,8.2,5.5,walk,0
6.48,8.4,19.6,0,1,7.9,48.9,0,11,0.0,4.2,2.8,bus,0
7.08,7.7,23.8,0,1,7.0,174.4,1,9,0.0,0.7,2.4,bus,1
6.13,14.3,10.9,1,1,1.3,106.4,1,10,0.6,0.0,-0.0,bus,0
7.37,16.9,22.9,0,1,6.1,116.1,0,9,0.0,13.6,-1.3,walk,0
8.02,12.2,29.4,0,1,11.6,97.9,0,10,0.0,6.6,-0.5,bike,0
6.99,5.6,23.2,1,0,17.6,59.7,0,10,1.8,5.4,-1.4,car,0
7.22,5.2,24.7,1,4,13.3,89.9,0,7,1.7,5.8,2.2,walk,1
6.86,4.9,27.8,1,1,0.0,63.4,2,8,1.4,0.7,2.8,bike,1
6.8,3.2,20.1,0,1,13.8,147.6,0,7,0.0,2.6,0.1,bus,0
5.93,12.5,36.3,0,0,6.7,77.8,1,9,0.0,10.2,2.3,bus,0
7.18,17.6,45.2,1,2,12.7,0.2,1,10,1.2,7.0,4.9,car,1
6.68,11.9,22.4,1,2,9.9,0.0,0,9,3.3,2.7,5.9,car,1
9.31,0.7,33.8,0,1,8.8,0.0,2,9,0.0,1.3,3.5,bus,0
8.69,11.0,25.1,0,0,9.4,127.1,1,11,0.0,3.5,1.7,bus,0
7.26,11.2,32.4,0,1,9.9,20.9,0,8,0.0,4.1,3.5,bus,0
5.88,22.5,46.8,0,0,18.1,108.0,0,7,0.0,11.1,4.7,bus,0
5.47,4.7,34.1,1,1,9.9,98.2,2,11,4.2,4.4,-2.0,bike,0
8.23,10.0,6.7,0,2,16.5,86.1,1,11,0.0,1.4,5.0,walk,0
7.12,20.5,33.4,0,1,15.6,116.3,0,9,0.0,4.8,0.9,car,0
7.38,14.2,42.8,0,1,14.0,99.5,0,8,0.0,5.8,0.9,bike,0
4.71,14.8,25.3,0,1,0.0,0.0,0,11,0.0,1.2,1.3,walk,0
7.91,12.6,39.9,0,1,16.7,70.6,3,10,0.0,6.2,2.6,car,0
7.35,13.6,19.7,0,0,7.3,115.5,1,9,0.0,8.6,-0.2,bike,0
5.47,15.9,10.2,0,1,14.3,188.4,0,8,0.0,5.4,1.4,bus,0
6.23,8.0,29.7,1,1,4.2,191.2,0,9,1.8,2.6,3.1,bus,0
7.12,16.4,6.9,0,0,2.9,8.2,2,10,0.0,3.4,2.4,car,1
6.86,5.1,25.1,0,1,21.9,69.0,0,10,0.0,0.0,2.8,car,0
6.45,13.6,43.4,0,3,4.3,0.0,1,9,0.0,4.6,1.4,bus,1
6.68,12.9,5.1,0,2,16.9,181.2,0,9,0.0,5.9,3.4,bike,1
6.5,8.9,12.6,0,1,10.7,150.8,1,9,0.0,2.3,4.1,car,0
6.98,11.9,15.6,0,1,7.5,111.0,1,9,0.0,10.8,4.0,car,0
8.57,8.9,27.2,0,0,9.7,100.0,0,8,0.0,7.4,2.9,walk,0
3.72,6.6,23.6,0,1,2.2,172.8,0,7,0.0,0.0,3.9,bus,0
6.52,10.2,44.8,1,0,9.9,162.7,1,8,4.2,0.0,3.7,car,0
7.01,6.5,39.5,0,0,3.5,159.5,0,10,0.0,2.0,7.4,walk,0
7.16,13.6,33.9,0,0,7.6,117.4,0,7,0.0,9.7,4.4,bus,1
6.35,6.2,29.7,0,1,15.6,69.0,0,7,0.0,7.7,1.8,bus,0
4.69,15.6,32.7,0,2,11.5,136.0,1,11,0.0,9.9,0.2,bus,0
7.19,6.1,17.7,0,0,1.1,139.0,0,10,0.0,5.0,1.5,bike,0
8.87,9.2,38.3,0,2,15.1,78.6,1,7,0.0,4.4,1.3,walk,0
4.96,8.9,14.7,0,0,10.0,68.9,1,8,0.0,1.3,3.0,bike,0
7.84,18.6,38.0,0,1,6.7,158.0,1,10,0.0,6.0,0.6,bus,0
6.41,13.7,42.2,1,1,14.5,189.8,0,8,0.3,4.4,4.4,car,1
6.73,10.9,30.5,1,1,9.0,45.0,0,9,2.3,4.3,-0.8,bus,0
5.54,14.5,25.9,1,0,3.0,74.2,1,9,2.2,9.9,-1.3,walk,0
6.4,1.5,32.8,0,0,21.1,111.1,2,8,0.0,4.6,1.7,car,1
8.36,11.8,0.0,0,1,9.9,119.2,0,10,0.0,9.0,0.3,bike,0
7.5,22.0,31.6,0,0,9.5,58.7,0,8,0.0,0.2,-0.5,bus,0
8.88,12.7,26.6,0,1,7.6,203.0,2,9,0.0,13.1,0.7,bus,0
8.21,12.3,27.4,0,0,17.1,115.3,0,8,0.0,3.9,0.5,bus,0
7.33,14.7,36.5,0,1,6.9,121.9,1,7,0.0,7.1,2.0,car,0
8.89,16.5,27.1,0,0,0.7,195.5,0,8,0.0,7.6,0.8,bus,0
7.33,2.0,14.3,0,2,5.9,63.1,0,10,0.0,3.5,0.9,car,1
7.79,3.6,26.3,0,2,18.0,84.7,0,8,0.0,7.5,2.0,bus,0
6.44,13.1,28.8,1,2,15.0,14.8,2,8,0.2,7.6,4.0,bike,0
6.88,8.4,29.4,0,1,8.5,79.7,0,8,0.0,2.9,4.9,bus,0
5.96,18.6,29.9,1,0,18.2,0.7,1,10,2.0,2.9,2.3,walk,0
7.99,10.4,40.5,0,3,14.5,134.9,0,8,0.0,5.1,2.5,car,0
5.39,2.3,15.0,0,1,8.4,115.2,0,11,0.0,4.7,1.6,walk,0
7.74,5.7,30.1,0,3,9.0,73.4,2,9,0.0,9.2,3.0,car,1
6.57,0.0,43.5,0,0,12.0,84.0,0,9,0.0,7.1,2.8,walk,0
8.21,10.8,7.2,0,0,5.0,135.7,1,9,0.0,4.8,4.7,bus,0
7.7,11.1,30.2,0,1,10.0,21.9,1,7,0.0,6.8,-1.8,car,0
8.98,9.9,21.0,0,2,11.9,102.3,0,11,0.0,0.0,1.5,bike,0
7.68,17.4,23.6,0,1,0.0,132.0,0,11,0.0,3.2,2.7,walk,0
4.91,18.0,17.1,0,0,8.9,0.0,0,8,0.0,5.9,1.9,bus,0
6.72,11.1,26.0,1,2,8.2,131.1,0,9,1.5,8.3,0.1,walk,0
5.39,1.3,50.1,0,0,16.2,0.0,1,8,0.0,5.6,-0.6,car,0
6.18,15.1,12.8,0,1,0.0,82.9,1,9,0.0,9.4,3.6,walk,0
8.61,14.8,14.0,0,1,7.7,20.2,0,10,0.0,7.6,0.5,bus,0
7.57,13.5,12.4,0,0,7.1,175.9,0,11,0.0,3.5,-1.5,walk,0
5.96,16.9,48.7,0,1,15.8,20.6,0,8,0.0,4.6,3.7,bike,0
5.58,6.2,22.5,0,0,9.7,0.0,0,9,0.0,6.2,2.9,car,0
6.84,22.0,27.7,1,2,20.8,98.0,2,10,3.2,3.7,1.8,car,1
5.34,7.2,23.2,0,0,14.0,65.2,2,8,0.0,9.6,0.2,bus,0
5.99,15.7,16.7,0,4,7.5,0.0,1,9,0.0,1.7,1.8,walk,1
7.17,3.6,25.2,0,1,11.4,121.5,0,9,0.0,5.9,4.4,walk,0
8.19,7.3,57.5,1,3,7.9,0.0,2,10,3.7,7.2,-1.2,car,1
7.53,19.6,44.7,1,0,15.2,27.8,0,11,1.8,4.1,-1.1,walk,0
4.05,10.7,17.8,1,1,2.0,55.5,1,7,1.1,3.4,0.7,bus,0
7.17,16.2,35.8,1,2,5.1,138.1,2,8,0.5,4.8,1.9,bus,0
6.89,13.2,18.0,1,0,12.7,167.7,1,8,1.9,7.4,1.0,car,1
7.3,11.5,6.7,0,3,17.4,156.2,1,8,0.0,3.5,3.3,bus,0
8.74,18.8,40.2,1,1,0.0,80.8,0,9,1.9,1.8,4.2,bus,0
4.32,10.8,41.9,0,1,18.2,0.0,0,10,0.0,8.5,2.6,car,0
6.09,3.1,40.6,0,3,9.2,113.5,1,8,0.0,6.2,3.1,car,0
7.51,8.0,22.4,0,0,0.0,178.2,1,9,0.0,8.0,2.5,bus,0
4.9,14.8,26.0,0,1,0.0,164.0,0,8,0.0,7.3,2.0,bike,0
8.57,14.0,37.0,0,1,0.8,117.8,0,8,0.0,11.5,-0.6,bus,0
7.24,4.2,32.7,0,1,9.9,18.6,1,10,0.0,8.3,-0.1,bus,0
7.82,8.4,23.3,0,2,9.6,58.5,1,9,0.0,2.8,-0.7,walk,0
6.11,9.1,8.6,1,2,13.8,206.0,0,8,1.1,6.4,1.7,bike,0
7.78,10.2,29.4,0,0,6.7,5.0,1,11,0.0,3.3,2.5,bike,0
8.08,5.1,40.9,1,1,3.4,21.1,0,9,2.3,3.6,-0.9,walk,0
7.08,8.9,13.6,0,2,7.5,146.6,1,8,0.0,0.8,2.1,walk,0
7.08,8.4,35.7,1,3,10.2,64.1,3,9,2.7,4.1,0.2,bike,0
7.12,15.9,32.0,0,1,11.4,19.1,0,9,0.0,6.6,-0.1,walk,0
5.76,16.0,37.0,1,0,5.3,181.7,1,8,4.7,4.8,0.7,bike,0
6.62,11.3,38.5,0,1,15.4,117.7,2,10,0.0,1.7,-0.2,bike,1
6.62,10.0,19.7,0,0,6.3,67.1,1,9,0.0,0.4,3.2,bus,0
7.26,12.7,8.6,0,1,4.8,21.3,0,9,0.0,11.3,1.7,bus,0
8.0,7.9,21.6,0,1,6.7,212.8,0,10,0.0,6.0,3.6,bus,0
5.53,6.3,38.7,0,1,16.4,88.5,1,9,0.0,2.5,1.1,bus,1
6.65,7.3,21.5,1,2,9.2,173.8,0,8,2.7,6.4,1.2,bus,0
8.58,8.8,19.7,1,1,5.8,143.6,2,8,1.6,11.6,5.7,bike,0
5.91,6.2,6.1,1,1,15.6,58.7,2,8,0.2,6.9,-1.2,car,0
5.81,12.8,49.0,0,1,22.9,59.2,0,8,0.0,0.0,4.6,walk,0
7.04,15.6,37.9,0,2,11.3,176.8,1,8,0.0,13.0,5.3,bike,0
7.81,4.1,37.2,1,1,17.4,177.8,1,9,4.1,0.0,3.5,bus,1
6.81,12.1,39.6,1,0,16.2,0.0,0,8,0.6,4.4,1.3,car,1
8.39,10.9,34.9,0,2,6.4,123.0,1,8,0.0,1.6,4.9,walk,0
7.83,13.7,25.1,1,2,10.2,82.7,1,9,2.2,2.8,1.4,bus,0
7.81,11.9,26.0,0,1,2.3,28.0,1,8,0.0,5.9,0.6,bus,0
7.46,4.7,22.9,1,0,8.8,105.7,2,9,0.3,0.0,1.2,bus,1
9.59,5.7,59.6,1,1,6.2,9.0,0,9,1.8,4.7,0.9,car,1
6.55,12.1,34.7,1,3,7.6,62.0,2,8,4.7,8.4,0.1,walk,1
4.4,17.1,22.4,0,2,5.5,42.1,1,7,0.0,2.5,4.2,walk,1
8.73,0.9,33.6,0,2,8.3,60.0,0,9,0.0,0.8,0.5,bus,0
6.25,13.7,15.9,0,2,13.2,85.7,1,7,0.0,4.6,1.9,bus,1
6.93,17.9,46.1,1,2,9.3,29.1,0,9,6.2,4.0,-0.9,bus,0
8.37,11.2,20.1,0,1,0.0,184.4,1,10,0.0,3.2,2.1,bus,0
4.88,14.8,34.0,1,0,5.5,119.6,2,9,4.6,1.4,-0.3,walk,0
5.3,8.5,40.8,1,0,0.9,197.7,0,8,0.7,6.6,-0.4,car,0
4.88,11.4,32.6,0,0,11.5,80.4,0,11,0.0,6.8,1.8,bus,0
5.85,3.9,29.1,0,3,13.0,57.1,2,8,0.0,1.8,4.1,walk,1
7.33,0.3,28.1,0,3,11.5,195.5,0,10,0.0,2.2,2.9,bus,0
7.43,16.7,27.3,0,0,5.3,55.3,0,10,0.0,5.4,3.0,car,0
7.13,7.1,21.1,0,2,11.5,79.3,0,8,0.0,2.1,1.7,car,0
5.1,9.7,22.6,0,1,7.2,133.2,1,8,0.0,5.5,1.3,walk,0
4.03,5.1,45.8,0,0,3.2,15.7,1,8,0.0,9.4,3.6,bike,1
6.87,5.0,26.7,0,2,14.5,132.7,0,11,0.0,4.8,0.9,walk,0
6.23,11.1,18.6,0,2,14.9,125.0,1,8,0.0,1.4,3.7,walk,0
7.35,8.4,21.8,0,2,15.7,166.2,1,10,0.0,6.2,4.5,car,0
7.64,13.9,41.2,0,2,6.3,143.4,1,9,0.0,4.5,0.3,car,0
6.97,14.3,36.1,0,0,17.1,168.0,2,9,0.0,4.5,0.6,walk,1
7.71,13.6,34.7,0,2,7.0,83.4,1,9,0.0,6.4,0.9,car,0
7.08,13.2,24.9,1,0,13.9,38.2,0,8,3.5,7.1,-0.9,bike,0
7.44,19.9,34.9,0,1,6.9,216.6,0,8,0.0,5.1,1.1,bike,0
5.95,6.7,20.3,0,0,8.7,0.0,0,11,0.0,4.8,4.6,bike,1
6.58,11.7,24.9,1,4,0.0,4.4,3,8,3.7,11.2,-0.1,bus,1
7.04,17.7,39.6,0,1,8.2,123.9,1,11,0.0,8.6,4.7,car,0
7.78,18.3,38.5,0,0,10.5,187.5,0,11,0.0,7.5,1.1,walk,0
6.33,4.9,16.2,0,3,7.5,101.4,0,7,0.0,5.4,6.2,bus,0
7.43,10.4,17.7,0,4,20.5,150.0,3,9,0.0,2.0,0.6,bus,1
6.48,18.8,29.3,0,4,3.0,0.0,0,8,0.0,8.4,1.7,car,1
6.66,14.5,48.7,1,0,6.6,60.0,1,9,2.8,5.4,0.2,walk,0
7.8,13.0,5.0,1,0,4.6,0.0,1,11,0.5,3.3,0.6,bus,0
4.41,10.9,31.3,0,3,6.6,136.8,0,10,0.0,4.3,4.7,bike,0
5.24,10.1,11.5,0,1,16.2,0.0,3,11,0.0,2.1,2.9,bus,0
5.02,13.4,20.4,0,1,18.9,13.3,0,8,0.0,8.2,4.1,walk,0
4.0,10.7,23.6,0,1,5.8,120.8,2,9,0.0,7.0,-0.6,bus,0
5.99,11.8,23.0,0,1,5.7,153.7,1,8,0.0,5.5,3.3,bike,0
7.7,12.4,21.6,1,0,3.1,80.5,0,10,1.1,4.9,0.1,bus,0
6.46,8.6,28.1,1,0,17.8,124.2,2,8,0.3,3.0,-0.7,bus,0
7.04,14.7,21.6,0,3,16.7,122.3,0,8,0.0,0.0,2.5,bus,0
8.11,26.6,10.5,1,1,9.4,77.1,2,7,1.1,0.8,2.5,car,0
8.39,3.1,37.4,0,1,1.6,24.3,0,8,0.0,2.8,2.1,bike,0
6.72,13.6,37.0,0,3,2.2,123.9,2,8,0.0,2.3,3.4,walk,0
8.42,8.2,38.1,1,1,11.0,126.8,0,7,2.4,5.9,3.7,car,0
6.91,14.9,9.5,0,0,13.3,143.6,2,10,0.0,7.4,4.9,car,0
5.8,12.2,31.6,1,2,0.0,108.7,2,10,4.1,4.6,-0.4,bike,1
6.09,15.8,36.1,1,0,8.1,19.9,1,8,1.5,9.2,5.0,bus,1
5.02,17.9,15.6,1,4,19.7,131.4,0,10,0.9,2.7,5.8,walk,0
5.73,13.0,28.1,0,4,8.7,89.9,0,8,0.0,4.6,1.3,bike,0
6.37,17.7,26.6,0,2,18.9,61.0,1,10,0.0,4.8,-1.3,bus,0
7.76,0.3,50.1,1,0,13.9,72.3,1,8,4.8,8.3,-0.8,bus,0
8.86,20.0,51.1,1,2,3.5,48.6,0,9,4.0,5.3,1.1,walk,0
5.14,13.9,8.0,0,2,8.2,143.3,0,8,0.0,5.4,6.0,walk,0
7.27,17.4,57.9,1,1,9.2,4.9,2,8,4.1,0.0,2.0,bus,0
5.55,5.9,17.0,0,2,4.3,30.4,0,9,0.0,2.3,0.8,walk,0
7.37,7.8,39.8,0,3,4.2,70.3,0,10,0.0,8.3,0.6,bike,0
6.64,12.7,39.6,1,2,19.0,186.8,3,10,3.1,0.0,-0.6,car,0
4.6,11.9,16.1,0,2,4.1,153.3,1,8,0.0,9.0,3.7,bus,0
7.91,13.4,33.9,0,1,16.5,0.0,0,9,0.0,6.5,1.8,walk,1
6.07,17.4,26.7,1,0,7.4,171.1,0,10,2.6,2.8,6.2,walk,0
6.16,3.2,34.7,1,1,9.8,171.0,0,7,0.6,2.5,3.3,bus,0
5.52,16.9,30.8,1,3,13.4,19.6,0,7,3.7,10.7,3.7,car,0
6.01,12.0,42.4,0,1,6.4,0.0,1,8,0.0,9.2,1.5,bus,0
7.31,11.0,28.9,1,1,13.4,85.7,2,8,1.4,4.6,-0.2,car,0
6.57,4.6,26.0,0,2,0.0,157.3,0,8,0.0,5.4,0.3,car,1
7.19,14.5,41.2,0,0,12.6,185.5,1,7,0.0,3.1,-0.7,walk,0
7.23,0.0,35.0,0,1,0.0,37.8,0,9,0.0,5.4,3.8,bike,0
8.38,15.2,36.8,1,1,8.6,195.1,1,9,3.4,3.0,1.2,bus,0
6.39,4.5,20.0,1,2,15.1,0.0,2,10,0.2,4.8,3.9,bus,1
5.03,12.3,15.5,1,0,13.7,67.9,1,9,1.0,10.4,2.3,bus,1
8.08,11.4,21.2,0,1,2.2,65.0,1,8,0.0,4.7,1.4,bus,0
6.4,17.8,20.6,0,0,3.0,159.1,2,11,0.0,1.9,-0.3,bike,0
8.14,11.1,37.4,0,1,5.9,167.9,0,10,0.0,0.9,2.6,bus,0
7.26,8.5,39.7,0,2,11.1,147.3,0,9,0.0,5.4,1.6,bus,1
6.64,9.5,26.1,0,0,0.0,9.0,1,8,0.0,2.7,3.8,walk,0
7.22,18.4,45.2,0,3,9.9,141.8,0,9,0.0,5.7,0.6,bus,0
9.14,14.7,44.4,1,0,11.9,120.5,2,9,2.0,0.1,3.2,bike,0
9.29,10.1,30.9,1,0,8.3,0.0,1,9,4.3,7.1,5.3,bus,0
6.88,10.8,18.1,1,2,13.2,0.0,0,10,1.3,1.8,2.5,walk,0
6.99,4.2,46.9,0,1,11.3,152.3,1,11,0.0,5.1,3.6,bus,0
8.09,13.9,27.3,0,1,6.8,79.2,2,11,0.0,4.0,3.1,bike,0
5.79,3.2,29.5,0,3,0.0,12.9,1,9,0.0,10.2,5.8,bike,0
7.2,15.8,23.9,0,2,10.8,77.5,1,11,0.0,5.5,2.7,walk,0
6.77,12.6,17.3,0,0,4.3,111.8,1,11,0.0,10.8,3.4,bus,0
7.18,23.9,10.4,0,1,6.5,85.0,1,7,0.0,6.7,1.9,bus,0
5.8,6.5,35.6,0,0,12.9,0.0,1,9,0.0,9.3,0.5,bike,0
4.89,11.5,18.6,1,0,18.5,203.1,0,8,2.0,4.4,-0.4,walk,0
4.31,21.0,64.7,0,0,9.8,150.3,1,8,0.0,6.0,4.5,bus,1
5.46,18.0,15.0,0,1,13.3,69.9,0,8,0.0,8.7,-0.0,car,0
6.25,8.5,12.9,0,0,1.3,72.3,0,9,0.0,7.7,3.5,bus,0
6.45,13.1,34.1,0,1,11.5,111.6,0,7,0.0,6.6,2.8,bus,0
9.12,12.0,46.4,0,1,9.6,22.2,3,8,0.0,4.0,3.8,walk,0
8.13,13.4,28.8,0,3,17.4,109.4,2,7,0.0,4.5,1.0,walk,0
5.65,8.5,34.9,0,0,6.8,10.2,0,9,0.0,8.4,0.4,car,0
7.22,11.6,5.9,0,0,8.6,85.8,2,10,0.0,9.0,2.8,car,0
6.31,4.0,19.9,1,1,16.4,19.9,0,11,2.7,3.2,1.4,walk,0
6.46,12.7,15.1,0,2,9.4,22.9,0,8,0.0,2.8,-0.5,car,0
7.02,14.3,5.3,0,1,3.3,188.7,0,8,0.0,2.3,5.9,walk,0
7.54,10.9,29.4,0,1,25.3,93.6,1,10,0.0,7.5,0.4,bus,1
6.39,3.9,1.1,0,2,3.5,102.4,2,8,0.0,2.2,0.0,bike,0
8.08,16.9,12.1,0,1,9.6,0.0,2,11,0.0,7.5,1.5,bus,0
5.43,13.8,21.6,1,0,12.1,54.2,1,10,2.4,6.6,4.5,bus,1
6.81,8.4,18.0,0,3,11.6,117.7,0,9,0.0,3.4,-2.0,bus,0
9.92,10.6,32.8,0,1,8.9,101.6,0,7,0.0,9.7,4.3,walk,0
7.07,4.5,31.7,0,0,8.9,0.0,0,7,0.0,0.6,0.2,car,0
8.52,6.9,38.7,0,1,8.6,102.4,0,9,0.0,10.0,2.5,walk,0
6.91,9.3,37.0,0,1,3.3,112.0,1,8,0.0,6.0,0.6,walk,0
7.5,18.1,41.7,0,0,22.9,167.0,1,10,0.0,0.0,6.0,car,0
6.73,8.8,28.0,0,4,8.7,50.7,1,9,0.0,9.8,2.2,bus,1
6.6,15.2,31.6,1,1,13.6,0.0,2,8,1.9,7.9,0.6,bus,0
5.86,9.3,34.1,1,1,8.0,30.2,1,8,0.8,3.7,1.4,bus,1
7.32,13.2,29.7,1,1,7.9,24.2,2,9,1.0,2.1,2.2,walk,0
5.78,11.3,23.2,0,3,7.3,134.2,0,8,0.0,0.3,2.4,bus,0
7.6,16.4,24.0,1,1,0.7,0.0,0,9,2.2,12.2,2.9,bus,0
8.1,9.3,18.2,0,1,9.0,63.1,2,9,0.0,2.2,2.0,bus,0
7.24,4.1,33.1,0,0,7.6,175.5,0,10,0.0,1.2,-0.8,bus,0
6.46,5.1,26.9,1,1,17.0,90.4,0,8,1.8,5.8,1.3,car,0
7.34,9.3,20.0,1,1,2.8,143.8,1,8,2.4,0.1,3.2,car,0
6.43,5.8,20.1,1,3,6.5,0.0,0,10,0.8,2.1,0.7,bus,0
7.92,14.1,13.5,1,1,4.6,0.0,1,9,0.3,8.0,3.3,car,0
4.6,9.7,39.7,0,0,18.7,176.2,1,10,0.0,6.4,2.1,car,0
6.4,23.9,28.9,1,0,4.8,96.1,0,9,1.4,3.8,1.6,car,0
4.41,3.3,17.6,0,1,13.4,96.2,1,10,0.0,5.1,4.4,bike,0
5.01,13.0,37.7,1,1,15.8,22.9,0,8,5.4,3.7,-1.5,walk,0
8.44,6.4,21.3,1,1,9.1,96.0,3,8,1.5,4.8,0.6,walk,0
7.87,9.5,11.1,0,0,1.7,21.2,0,10,0.0,2.7,4.5,car,0
5.94,12.7,40.3,0,1,1.8,161.2,0,8,0.0,3.3,5.7,bus,0
5.0,0.4,21.6,0,1,15.2,253.7,2,10,0.0,3.2,6.6,car,0
3.5,13.2,23.1,0,1,2.4,119.0,1,8,0.0,2.8,2.1,bike,0
6.15,21.5,28.5,0,0,12.4,51.9,1,8,0.0,8.1,2.9,walk,1
9.7,9.7,41.7,1,0,10.7,0.0,0,7,2.6,7.3,3.6,bus,0
7.32,13.3,28.2,0,1,12.3,0.0,2,10,0.0,2.2,4.6,car,0
6.13,17.1,13.6,1,1,12.8,183.3,0,10,0.6,1.4,2.6,walk,0
7.36,11.2,34.5,0,1,4.4,28.2,1,8,0.0,4.5,3.9,bike,1
4.93,9.1,22.2,0,2,4.1,67.7,1,8,0.0,11.5,2.9,car,1
6.44,0.6,50.7,0,0,14.3,129.3,0,8,0.0,1.9,3.0,walk,1
6.92,15.2,28.0,1,3,6.2,178.9,0,8,3.0,4.5,0.2,bus,0
6.7,11.4,1.2,0,1,0.0,78.0,0,10,0.0,5.3,1.3,bus,0
7.75,6.9,32.3,0,0,13.9,65.7,1,8,0.0,4.7,1.0,car,0
7.21,12.6,51.3,0,2,3.8,94.3,1,8,0.0,3.6,-0.4,bus,0
7.6,9.1,46.9,1,1,12.8,52.3,1,7,1.4,8.5,-1.3,walk,0
5.97,9.4,50.0,0,1,18.4,55.6,0,9,0.0,6.4,1.2,walk,1
7.88,15.0,15.8,0,0,10.1,114.7,2,9,0.0,7.5,1.5,bus,0
8.75,5.3,38.9,1,2,16.0,101.1,0,9,2.9,6.8,2.2,bus,1
5.64,17.2,19.3,1,0,10.9,217.9,1,9,1.0,7.7,3.1,walk,0
5.73,5.0,30.7,0,4,19.5,116.3,0,11,0.0,9.8,2.4,car,1
8.4,8.7,12.7,0,4,3.6,159.1,0,9,0.0,9.0,1.5,walk,0
6.57,21.6,20.3,0,0,10.0,25.7,0,10,0.0,12.0,0.2,car,0
8.48,17.6,19.9,0,1,14.0,121.5,1,9,0.0,8.7,3.8,car,0
6.27,12.5,38.8,1,0,8.9,46.6,1,7,0.2,3.0,1.8,bus,0
8.55,7.3,37.6,0,2,16.9,113.7,0,10,0.0,7.5,1.1,bus,0
6.96,9.4,31.3,0,4,7.4,131.3,1,9,0.0,7.1,1.6,walk,0
7.11,12.4,11.8,0,1,22.4,93.0,0,9,0.0,10.8,0.5,bus,0
8.68,12.2,24.3,0,0,22.7,234.4,1,8,0.0,2.1,0.9,bus,0
6.37,11.5,19.0,0,0,11.7,175.7,0,8,0.0,6.7,0.9,walk,0
5.67,11.8,38.4,1,5,13.3,160.6,0,10,2.3,3.0,1.4,bus,1
6.26,10.9,42.1,0,3,17.2,135.9,1,8,0.0,6.5,3.3,walk,1
7.34,4.8,40.7,1,0,2.9,195.8,2,7,0.0,4.4,2.8,bus,0
4.92,9.4,18.9,1,1,2.1,3.8,0,8,2.0,6.4,5.1,bike,0
7.56,16.6,0.0,0,1,17.5,172.2,1,9,0.0,0.8,4.4,bus,0
6.15,5.2,6.8,0,0,11.6,30.5,2,10,0.0,7.4,5.9,walk,0
8.18,11.1,45.1,0,0,8.6,56.1,1,9,0.0,5.6,3.1,walk,0
3.93,7.9,23.2,0,3,10.1,123.7,0,11,0.0,5.5,3.1,bus,0
5.86,12.6,19.0,0,0,0.0,164.0,0,9,0.0,10.9,1.0,bus,0
4.78,10.1,47.7,1,1,8.9,20.8,1,8,2.5,3.9,3.7,bus,1
5.81,19.4,43.2,0,0,5.5,59.2,1,8,0.0,6.0,0.7,walk,0
7.1,14.5,28.3,0,3,15.5,95.9,1,8,0.0,5.3,-0.9,bus,0
6.58,5.4,24.5,0,1,16.0,78.8,1,10,0.0,5.6,5.1,car,1
6.5,15.4,26.4,0,0,13.5,141.2,0,7,0.0,11.7,-0.5,bus,0
6.61,8.1,30.7,1,1,12.4,296.2,1,8,0.4,5.2,2.9,bus,0
7.04,9.1,47.2,0,2,1.0,115.2,0,10,0.0,3.3,0.2,bus,0
5.59,13.6,33.1,1,0,13.5,45.9,1,9,0.6,10.6,4.3,car,0
7.65,9.5,36.7,1,0,13.8,12.2,0,7,4.3,4.1,4.5,car,1
7.6,16.5,42.0,0,0,17.5,70.5,0,10,0.0,0.2,3.1,walk,0
7.26,8.1,14.0,0,3,22.7,33.6,2,9,0.0,2.8,4.5,walk,0
7.47,8.9,37.1,0,1,0.0,118.1,0,10,0.0,1.3,2.0,walk,0
7.16,8.7,24.5,1,1,7.7,117.1,1,9,0.6,0.0,6.5,bike,0
9.24,9.2,0.0,0,2,5.5,62.2,2,7,0.0,3.9,3.5,walk,0
6.7,17.5,2.5,1,0,11.0,209.1,0,8,0.2,4.8,0.2,car,0
6.43,15.1,15.8,1,0,10.1,45.9,0,8,2.3,8.5,2.1,walk,1
5.9,20.5,34.4,1,1,8.6,82.8,1,10,2.0,6.9,1.7,bus,1
5.56,23.3,29.4,0,0,16.2,128.3,4,9,0.0,6.8,1.5,bus,1
5.31,6.8,30.2,0,0,3.4,143.5,1,10,0.0,2.3,-1.3,bus,0
5.73,12.4,51.4,1,2,3.8,166.7,0,9,4.9,7.7,2.8,bus,0
6.72,6.1,12.8,0,1,3.9,115.7,0,8,0.0,9.2,-0.8,bike,0
7.2,8.1,27.7,1,1,7.8,153.1,0,8,2.5,6.2,-2.0,bus,0
6.86,8.8,31.7,0,0,2.6,50.1,0,8,0.0,6.3,1.3,bus,0
5.88,6.7,19.2,0,1,9.7,145.1,1,8,0.0,1.2,0.5,bike,0
7.88,6.7,28.3,1,0,9.0,144.3,2,9,1.0,8.2,0.3,car,0
7.69,11.3,8.8,0,2,5.3,180.8,1,11,0.0,10.3,-2.0,bike,0
6.61,5.9,44.9,0,1,15.2,0.0,0,8,0.0,6.0,0.3,bike,0
6.02,16.2,19.8,0,0,9.6,35.6,0,9,0.0,3.2,1.7,bus,0
7.46,7.4,52.4,0,0,16.4,139.4,0,8,0.0,4.5,0.7,car,0
7.03,26.0,27.6,1,3,8.8,0.0,0,10,1.9,3.7,2.8,bus,0
5.06,9.7,40.3,0,0,9.9,119.5,0,7,0.0,3.9,4.8,car,0
6.72,12.4,27.4,0,2,6.6,153.6,0,9,0.0,6.9,3.0,car,0
7.11,5.5,27.6,0,1,10.0,55.4,0,8,0.0,5.8,4.1,walk,0
5.72,20.5,21.0,1,3,14.3,64.2,1,8,1.9,8.0,4.2,walk,0
7.03,17.6,29.4,0,1,7.5,25.6,3,9,0.0,6.1,-0.0,bike,0
5.05,13.5,31.8,1,1,13.1,58.7,1,8,2.1,2.4,2.9,bike,0
8.4,5.3,18.6,1,0,5.1,60.4,2,9,2.1,3.5,4.0,bus,0
8.3,13.1,26.5,0,1,14.6,49.0,1,8,0.0,3.3,1.1,car,0
6.5,6.4,20.7,1,2,6.5,45.7,0,11,2.5,4.4,0.4,bus,0
7.24,19.3,55.6,1,1,15.1,73.7,1,8,4.3,10.4,3.1,bus,1
3.91,16.0,26.9,0,1,10.4,73.0,1,9,0.0,10.9,-1.0,bus,0
5.41,12.5,46.5,0,0,19.1,202.4,0,10,0.0,7.5,-0.2,walk,0
6.45,0.0,25.7,1,1,3.1,66.3,0,9,2.4,5.4,0.7,bus,0
5.51,7.1,31.1,1,1,1.1,110.6,2,8,2.5,0.9,2.9,car,0
7.66,15.4,12.1,1,1,6.3,55.4,0,9,1.1,5.7,2.4,walk,0
9.2,18.1,22.6,1,0,1.7,54.6,0,7,2.1,2.6,4.1,car,0
5.39,17.5,30.5,0,1,1.7,0.0,2,9,0.0,9.9,0.2,car,0
5.8,4.0,47.0,1,0,13.7,0.0,0,8,3.9,0.2,0.0,walk,1
7.08,13.5,30.7,1,2,10.0,17.6,0,10,4.0,6.2,3.0,car,1
8.73,17.1,44.6,0,1,7.1,101.0,1,10,0.0,2.4,0.4,bike,0
5.33,3.7,35.7,0,1,7.7,154.6,0,8,0.0,5.0,0.8,bus,0
7.1,12.0,47.5,0,0,6.4,0.0,3,7,0.0,7.0,-1.7,walk,1
8.99,13.4,27.3,1,1,19.9,57.1,0,8,2.4,8.1,2.6,bus,0
4.82,10.5,56.7,0,0,5.6,8.0,4,9,0.0,4.8,5.1,bus,1
5.26,2.7,22.2,1,0,2.1,74.1,0,8,1.7,7.3,-0.1,walk,1
6.29,10.4,18.8,0,2,14.8,154.5,0,9,0.0,3.0,4.0,bus,0
6.18,10.4,13.5,0,1,8.7,63.2,1,9,0.0,5.7,1.9,car,0
7.78,11.3,56.0,0,4,22.2,87.1,4,11,0.0,8.0,-1.5,bike,0
7.09,9.2,37.8,0,0,6.8,177.3,0,8,0.0,6.0,0.2,bike,0
4.67,9.8,24.0,1,1,15.1,117.5,1,7,3.4,3.4,0.1,car,1
7.42,11.8,43.0,0,1,16.5,44.4,0,8,0.0,4.2,1.4,walk,0
6.11,14.2,36.3,1,0,6.9,99.5,2,9,1.0,8.0,2.8,walk,0
8.33,10.5,51.6,0,3,5.5,40.3,0,8,0.0,1.7,5.7,bike,0
6.05,10.0,9.4,1,3,14.4,115.2,1,8,0.6,2.2,-0.9,bus,0
6.04,12.5,24.8,0,1,13.4,120.9,1,8,0.0,6.8,1.0,walk,1
7.45,2.4,22.4,0,2,1.5,8.0,1,10,0.0,3.7,0.2,bike,0
7.72,14.4,4.3,0,1,3.2,100.5,1,11,0.0,0.6,-0.5,walk,0
7.34,12.0,40.7,0,2,0.0,82.9,1,8,0.0,9.1,2.2,bus,0
4.78,12.2,24.8,0,1,13.6,122.7,0,8,0.0,1.7,2.0,bus,0
7.45,16.8,36.9,1,1,8.4,139.9,0,8,3.7,4.4,-1.6,bus,1
5.56,2.2,56.3,0,2,9.0,118.6,1,8,0.0,3.1,2.0,bus,1
7.08,2.1,23.8,0,0,0.0,71.8,0,11,0.0,4.1,-0.4,walk,0
5.09,13.4,22.9,0,2,3.4,146.0,0,9,0.0,2.3,2.0,car,1
7.34,12.0,29.4,0,3,7.1,37.6,0,9,0.0,7.1,4.5,car,0
5.83,12.9,39.8,1,0,6.0,10.8,0,11,2.4,5.3,2.9,bus,1
5.26,9.7,21.2,0,1,10.7,0.0,1,9,0.0,8.0,2.4,walk,0
7.66,15.3,20.4,1,2,13.5,85.8,0,8,1.6,3.2,0.9,bus,0
7.09,16.7,40.7,1,2,23.6,40.7,1,9,5.3,11.4,2.1,bus,1
6.06,14.4,32.5,0,1,9.9,113.9,2,8,0.0,0.0,3.1,walk,0
8.54,10.7,3.5,0,0,16.7,0.0,1,8,0.0,0.2,2.9,walk,0
6.27,1.5,13.3,0,0,5.0,51.2,2,11,0.0,10.3,1.8,walk,0
6.84,15.8,46.0,0,1,0.0,118.2,1,8,0.0,6.4,2.4,bus,1
7.12,18.1,32.8,0,0,7.9,28.2,2,9,0.0,6.0,-0.6,bus,0
6.06,15.2,18.9,1,0,0.4,114.6,3,8,1.1,6.3,0.5,car,0
7.37,7.6,26.0,0,1,10.1,56.6,2,8,0.0,6.7,3.4,bus,0
6.16,15.4,28.2,0,1,5.3,88.0,2,9,0.0,5.9,3.7,bus,0
6.31,16.3,36.8,1,1,0.0,125.7,1,10,0.1,2.1,2.2,walk,0
8.44,19.8,11.7,0,0,20.4,147.2,2,9,0.0,7.5,5.0,car,0
5.55,7.6,17.9,1,2,6.8,95.5,0,8,1.9,7.0,3.0,walk,0
3.9,10.9,31.3,0,1,0.2,41.2,0,7,0.0,9.3,1.5,walk,0
8.73,15.7,26.8,0,0,15.4,62.5,1,9,0.0,10.3,-0.4,bus,0
9.86,12.3,34.9,1,1,5.6,128.2,3,9,0.8,6.0,4.9,bike,1
6.31,6.4,13.2,1,1,16.5,28.7,1,10,1.2,1.3,3.5,car,1
4.48,14.1,32.3,1,1,5.6,79.3,1,9,2.1,10.3,5.6,bus,0
6.43,14.9,41.1,0,1,6.8,66.8,1,10,0.0,1.9,6.3,bus,1
6.46,12.4,33.8,1,3,12.1,83.8,0,10,1.3,6.0,-0.6,bus,0
6.57,13.1,29.7,0,1,13.6,29.4,2,8,0.0,4.2,-0.6,bus,1
5.46,10.7,26.8,0,1,14.6,0.0,1,9,0.0,3.7,-2.0,bus,0
7.5,19.4,18.0,0,3,9.5,121.2,0,10,0.0,7.3,3.8,bus,0
7.43,7.5,27.1,0,0,13.2,147.8,1,11,0.0,5.7,3.3,walk,0
5.01,9.1,43.1,0,1,14.5,0.0,1,8,0.0,6.5,2.2,car,1
7.64,12.1,26.6,0,0,11.2,112.1,1,9,0.0,2.6,-0.5,walk,0
9.26,16.4,17.3,1,3,9.1,155.0,1,8,1.6,4.5,1.8,bus,0
7.01,4.5,22.1,1,1,1.3,125.8,1,10,1.0,2.7,2.4,car,0
6.4,5.4,30.4,1,1,13.6,65.0,0,11,3.5,4.4,3.6,bike,1
6.63,1.8,23.5,0,3,10.3,33.4,0,11,0.0,4.6,2.5,bus,0
7.54,12.2,33.8,1,1,7.5,94.9,0,8,2.8,10.5,3.3,bike,0
4.72,6.4,34.3,0,1,17.7,104.9,0,8,0.0,4.2,1.8,walk,0
7.0,10.1,38.7,0,0,1.4,95.7,1,10,0.0,0.0,4.4,car,0
6.33,15.3,45.1,1,2,19.9,79.2,0,9,0.2,9.2,3.3,bus,0
9.02,8.8,40.0,0,0,9.9,25.0,1,11,0.0,6.3,-0.4,car,0
6.59,13.2,16.8,0,1,11.9,115.4,0,8,0.0,4.6,4.8,walk,0
8.8,10.5,17.2,0,0,7.6,118.3,1,10,0.0,3.7,4.5,bus,0
5.48,15.4,27.1,0,1,0.0,102.0,0,9,0.0,2.2,2.9,bus,0
7.5,14.4,22.6,1,1,9.2,96.7,1,8,2.4,10.8,2.6,walk,0
7.18,8.5,14.3,0,0,12.0,190.8,0,8,0.0,5.2,5.3,bus,0
5.76,11.2,22.7,0,1,14.1,52.5,0,10,0.0,0.0,-1.3,bike,0
7.01,17.2,22.3,0,2,8.8,166.9,0,8,0.0,6.0,4.5,walk,0
8.26,14.0,19.9,0,1,0.0,46.0,1,10,0.0,8.6,1.0,car,0
6.41,5.0,24.2,1,1,0.8,156.5,0,9,1.8,5.5,4.2,bus,0
4.77,15.3,42.1,1,2,22.3,164.0,0,9,5.3,2.3,2.2,bus,1
6.78,6.6,30.4,1,2,3.4,72.4,1,8,1.2,2.0,-0.5,bus,0
5.72,19.1,57.7,1,4,18.6,189.7,1,11,7.0,2.2,1.0,bus,0
6.39,17.1,30.0,0,3,4.4,118.1,1,10,0.0,9.6,4.0,bike,0
6.7,13.4,24.5,1,1,8.9,37.4,0,10,3.3,4.8,1.6,bike,0
4.75,12.8,28.0,0,1,13.8,67.6,1,10,0.0,0.0,0.8,bus,0
4.86,11.0,31.1,0,0,5.1,158.0,1,9,0.0,6.2,0.7,bus,0
7.38,15.4,33.2,1,1,19.6,145.4,1,11,0.5,5.4,3.3,bus,0
6.17,10.1,52.9,0,2,10.5,26.5,1,9,0.0,3.7,5.5,bus,0
3.72,13.2,17.9,1,1,12.8,81.6,2,9,0.9,1.9,-2.0,walk,0
7.74,16.4,38.3,1,2,8.4,102.2,2,8,3.8,1.8,7.6,walk,1
7.13,9.2,30.5,1,2,14.0,59.5,0,8,1.9,8.3,2.4,bus,0
5.94,8.9,9.1,0,2,19.5,231.5,1,10,0.0,5.7,3.2,car,0
5.22,6.0,37.2,0,0,9.2,104.0,0,8,0.0,6.4,1.1,walk,1
7.8,6.7,43.2,1,2,20.4,86.3,1,10,0.3,5.7,2.0,bus,0
7.22,2.9,17.7,0,1,6.3,161.5,1,11,0.0,6.0,2.4,bus,0
9.66,15.6,27.9,0,2,14.6,68.1,0,8,0.0,3.6,-0.1,bus,0
7.3,21.0,7.3,1,0,12.9,150.4,1,7,0.8,4.4,0.4,bike,0
7.27,19.1,12.9,1,2,3.6,0.0,1,9,1.5,8.5,4.4,bike,0
6.6,3.9,40.6,1,2,11.3,62.8,1,7,4.9,9.2,-1.1,bike,0
7.78,15.6,22.4,0,1,10.0,152.9,1,10,0.0,1.3,2.9,bike,0
7.55,19.1,14.7,0,0,4.9,184.2,0,9,0.0,4.4,1.3,walk,0
8.3,9.7,30.8,0,4,12.1,43.6,0,9,0.0,7.5,0.1,bus,0
6.17,12.5,21.7,0,0,10.9,36.6,0,9,0.0,10.6,5.9,bus,0
6.28,2.0,22.4,0,3,9.6,124.0,1,9,0.0,10.3,0.1,car,0
6.23,13.3,36.9,0,4,9.6,52.6,0,8,0.0,2.6,-0.3,bike,1
7.75,6.7,14.1,0,0,9.5,73.9,1,8,0.0,8.8,1.6,walk,0
8.6,13.0,17.1,0,1,7.8,142.6,0,8,0.0,5.2,0.5,walk,0
6.25,4.2,29.8,0,2,10.8,57.4,0,10,0.0,8.1,2.0,bus,1
6.29,14.7,39.6,0,1,6.1,0.0,0,8,0.0,7.4,2.3,car,1
7.18,17.1,42.9,0,1,25.9,11.9,2,8,0.0,1.2,2.5,walk,1
6.51,8.1,20.0,1,2,1.5,90.6,1,8,2.6,6.6,1.8,bus,0
7.94,6.3,39.2,0,0,6.5,0.0,1,8,0.0,8.0,0.6,bus,0
4.1,1.2,18.6,1,3,7.0,72.2,0,8,1.4,4.9,3.3,bus,0
5.81,10.7,49.9,0,2,22.2,6.5,0,10,0.0,4.3,1.8,bus,0
5.86,9.1,14.4,0,0,2.1,188.4,0,8,0.0,0.3,1.0,walk,0
4.02,4.2,43.9,0,0,12.6,219.9,1,9,0.0,7.1,5.0,bike,0
5.64,14.3,20.1,0,1,11.5,26.5,0,8,0.0,5.6,1.8,walk,1
5.7,9.8,52.2,0,2,12.0,105.4,0,9,0.0,2.2,4.2,car,1
6.56,6.6,35.1,1,2,17.4,32.4,5,8,4.8,4.0,4.5,walk,1
8.14,9.2,15.8,1,1,17.3,71.4,0,10,0.8,5.5,4.6,bus,0
6.51,17.4,21.7,0,0,7.3,198.2,0,11,0.0,3.3,3.4,bus,0
5.56,15.0,37.4,0,1,11.2,62.0,0,8,0.0,5.0,2.0,bus,0
6.73,11.3,40.6,1,0,0.0,72.8,1,11,2.8,0.0,1.9,bus,1
8.06,15.1,27.2,0,1,10.6,33.4,0,8,0.0,9.0,1.5,bus,0
5.63,6.2,28.5,0,0,5.2,158.8,1,9,0.0,5.0,-2.0,walk,0
5.71,12.2,37.1,1,3,8.9,0.0,0,10,2.4,1.7,3.4,bus,0
7.47,12.7,29.6,0,2,0.0,63.4,0,8,0.0,0.0,2.5,car,0
6.53,9.7,12.5,1,0,12.4,87.2,1,8,0.2,8.1,3.7,bus,1
7.58,14.2,18.2,0,0,0.0,50.3,0,7,0.0,6.7,1.8,bus,0
6.78,8.1,30.8,0,1,10.9,141.8,0,9,0.0,5.6,3.3,bus,0
7.64,14.5,42.6,0,2,2.6,162.1,1,8,0.0,7.6,-0.8,bus,0
5.56,14.8,47.4,1,1,4.9,5.3,0,10,6.5,7.6,-0.3,car,0
6.79,0.0,37.4,0,0,16.9,215.6,2,8,0.0,5.6,-2.0,bus,0
6.55,18.0,31.4,1,3,13.5,4.6,0,11,2.0,4.2,1.7,car,0
5.34,0.0,37.0,1,0,16.9,167.3,0,8,5.0,3.7,0.5,car,0
4.92,8.9,20.0,1,1,19.4,99.0,1,9,2.7,6.3,0.2,bus,0
7.62,17.1,26.2,0,2,5.4,59.8,2,8,0.0,9.2,2.7,bus,1
6.38,10.4,18.1,0,2,19.0,65.4,0,8,0.0,4.7,1.1,bike,1
5.57,4.7,13.0,0,0,1.2,88.0,3,7,0.0,9.4,-0.9,bike,0
6.68,6.5,32.0,0,0,14.5,102.5,3,9,0.0,6.1,7.1,walk,0
8.15,17.1,30.2,1,0,7.0,34.8,1,8,3.5,6.1,1.9,walk,1
4.06,2.4,36.3,0,1,4.4,76.0,2,9,0.0,12.2,-0.2,walk,1
5.0,17.6,34.6,1,0,13.7,43.8,0,11,3.6,10.0,0.7,bike,1
5.69,11.7,30.9,0,1,15.7,17.1,0,8,0.0,10.0,1.7,bike,0
8.55,6.0,34.7,0,0,15.5,41.0,2,7,0.0,2.6,1.6,walk,0
7.14,9.1,27.5,0,2,11.3,21.0,0,8,0.0,11.6,4.6,bus,0
7.72,6.9,33.0,1,1,10.8,64.8,1,8,2.5,4.8,1.8,bike,1
5.43,16.3,19.3,0,2,13.2,115.9,0,9,0.0,4.3,5.7,car,0
5.46,15.7,32.4,0,3,11.8,97.2,0,10,0.0,0.0,1.1,walk,0
7.34,3.4,36.0,1,0,13.2,208.5,0,8,4.9,6.0,2.9,bus,1
6.87,10.0,20.0,0,2,11.2,0.0,0,8,0.0,1.7,4.0,bus,1
7.46,7.7,28.6,0,1,15.1,118.2,1,9,0.0,6.2,4.4,bus,0
6.57,18.5,20.5,0,0,0.2,90.4,1,8,0.0,1.5,4.6,walk,0
7.13,5.2,21.7,0,1,9.2,138.9,0,9,0.0,10.4,1.5,walk,0
6.99,20.0,14.5,0,2,1.7,133.0,0,11,0.0,6.7,2.0,bike,0
7.73,11.8,43.2,0,2,11.7,80.1,0,8,0.0,11.8,-2.0,bus,0
7.77,6.2,40.8,0,0,19.9,100.4,0,9,0.0,1.9,1.6,walk,0
4.86,8.6,34.4,0,2,7.2,45.4,1,10,0.0,9.6,4.2,bus,1
4.1,8.0,51.7,0,2,10.8,126.8,1,9,0.0,0.0,3.8,walk,0
8.0,5.6,25.7,0,3,14.5,0.0,0,10,0.0,5.6,1.8,bus,1
8.23,12.5,64.4,0,3,0.0,136.6,0,10,0.0,3.1,5.4,bus,0
5.58,5.9,25.3,0,0,6.9,88.6,1,9,0.0,3.7,1.2,walk,0
4.57,1.1,31.1,0,2,12.2,60.8,1,9,0.0,3.5,0.6,walk,0
6.92,10.1,23.2,0,1,0.0,76.0,1,10,0.0,2.3,1.1,car,0
7.92,3.0,32.5,0,2,4.1,80.4,0,9,0.0,1.2,-0.2,car,0
8.96,8.2,38.0,1,2,16.6,167.8,0,9,2.9,3.7,3.2,walk,0
7.42,7.5,26.6,1,1,16.0,284.0,0,8,0.2,5.3,2.6,bus,0
6.35,7.6,49.3,0,1,12.2,163.2,0,10,0.0,8.5,3.2,walk,0
5.73,22.0,30.9,0,2,15.3,56.1,1,8,0.0,5.9,1.2,car,0
6.81,12.3,31.2,0,1,11.3,127.8,1,8,0.0,8.5,1.9,car,0
6.44,13.2,17.1,1,1,13.3,130.4,0,8,1.2,0.6,-2.0,bus,0
5.58,3.1,33.0,0,1,8.1,34.5,1,8,0.0,3.7,2.8,bus,0
9.26,8.7,26.4,0,1,10.7,14.4,0,9,0.0,7.1,2.2,bus,0
8.94,13.1,20.7,0,3,6.2,86.2,0,8,0.0,6.0,-0.2,walk,0
8.16,6.9,18.7,0,1,17.6,138.5,0,9,0.0,2.4,1.8,bus,0
5.69,16.5,60.1,0,2,19.1,0.0,0,9,0.0,7.8,1.5,walk,0
7.83,6.0,24.8,1,0,18.3,46.7,1,8,3.7,3.4,5.5,bike,0
7.57,10.6,10.5,1,0,7.6,124.4,1,8,1.0,2.7,-0.1,bus,0
7.33,9.1,19.6,0,1,4.3,92.5,1,9,0.0,6.5,2.7,walk,0
8.3,12.8,27.4,0,2,17.7,175.0,2,10,0.0,5.0,-0.2,bus,0
7.56,8.8,34.6,0,0,13.3,5.3,0,8,0.0,3.4,0.9,bike,0
7.69,10.6,34.7,0,1,12.0,231.1,2,8,0.0,3.3,2.6,bus,1
7.56,10.8,36.1,0,1,6.2,0.0,1,8,0.0,1.8,1.6,bus,0
7.21,8.3,20.3,0,0,12.6,0.0,1,7,0.0,3.8,2.0,car,0
4.66,14.4,32.1,1,2,3.5,86.5,1,7,2.1,8.3,2.7,walk,0
6.9,13.2,17.5,1,0,13.8,21.9,0,11,2.6,5.7,1.0,bus,0
6.13,11.6,20.6,1,1,18.3,87.7,0,7,2.1,7.9,3.8,bus,0
5.26,9.8,17.0,1,0,19.8,85.6,0,8,1.3,6.5,1.4,walk,0
8.82,16.0,13.7,0,2,14.3,78.3,1,10,0.0,3.2,1.8,car,1
8.87,10.8,40.8,0,1,1.7,39.5,1,9,0.0,0.1,2.7,bus,0
8.43,10.5,36.3,0,0,11.2,116.0,0,8,0.0,2.2,2.5,bus,0
7.11,12.5,39.7,0,1,22.8,71.0,0,9,0.0,3.0,3.3,walk,0
8.42,20.5,28.5,0,2,4.8,156.2,0,11,0.0,2.8,2.6,car,0
6.81,5.3,37.3,1,2,9.6,79.2,0,7,3.1,7.9,2.9,car,0
7.04,15.8,6.9,0,1,18.5,32.1,0,8,0.0,7.9,1.3,walk,0
5.49,2.5,38.4,0,2,13.7,0.0,0,10,0.0,11.6,-0.1,bus,0
7.28,13.1,30.1,0,1,24.9,79.7,0,10,0.0,2.7,-0.9,walk,0
6.87,19.9,35.5,1,1,5.6,13.8,1,11,2.2,9.8,-1.3,bike,0
5.24,14.4,32.6,0,0,4.1,9.0,1,8,0.0,9.8,5.5,bus,1
6.74,12.9,16.2,0,2,17.3,121.6,0,11,0.0,4.3,-2.0,walk,0
6.7,9.2,10.0,0,1,2.8,0.0,0,8,0.0,6.4,4.4,bus,0
8.96,12.2,19.5,1,1,8.8,174.7,1,10,2.6,8.7,0.4,car,0
7.87,10.7,34.8,1,0,9.6,99.6,0,10,4.0,4.8,4.4,bus,0
6.81,8.1,36.3,0,2,16.2,87.4,0,8,0.0,4.6,-2.0,walk,0
7.1,10.6,11.6,1,1,13.7,27.9,0,8,1.2,3.1,1.5,car,0
6.85,13.0,16.2,0,3,12.7,135.9,0,9,0.0,0.0,4.9,walk,0
6.56,8.2,19.3,0,2,7.6,89.8,1,10,0.0,5.2,3.4,bus,0
5.5,8.0,23.7,0,1,17.3,48.8,0,7,0.0,2.9,1.3,bus,1
6.62,5.2,11.7,0,5,34.2,102.0,0,10,0.0,1.8,-1.9,walk,1
5.9,14.0,10.9,1,0,14.1,0.0,0,8,0.0,6.3,-0.6,walk,0
5.3,14.7,18.1,0,1,10.6,0.0,0,8,0.0,0.6,4.8,walk,0
7.41,13.2,29.0,0,0,2.2,22.8,0,8,0.0,7.4,1.3,walk,0
7.27,16.8,13.8,1,3,6.2,111.0,0,11,1.9,6.5,1.9,bus,0
4.66,12.4,26.6,1,2,8.7,89.8,0,8,3.1,3.8,2.6,car,0
6.65,14.0,40.7,0,2,6.8,152.9,1,9,0.0,4.8,-0.6,walk,0
7.99,13.5,12.4,0,0,9.9,34.8,0,8,0.0,1.4,2.8,bike,0
8.07,11.5,25.5,1,0,20.7,124.5,1,11,3.7,7.3,1.2,bus,0
8.03,9.3,40.3,0,1,17.5,83.2,2,10,0.0,5.6,2.6,walk,1
6.85,23.1,23.0,1,0,9.0,33.4,0,8,0.8,5.8,0.8,bus,0
5.79,9.7,21.1,0,0,2.8,113.1,1,8,0.0,6.5,-1.1,bus,1
5.5,8.7,42.0,1,0,18.0,86.0,0,8,4.7,3.1,1.1,bus,0
7.21,14.2,24.3,0,1,9.7,52.3,1,8,0.0,0.4,3.3,bus,1
7.26,13.3,41.3,0,1,0.0,92.5,3,10,0.0,7.9,2.8,bike,0
8.34,5.0,33.1,0,0,14.3,82.2,1,9,0.0,7.1,2.1,car,0
8.12,17.6,23.9,0,0,16.2,80.8,4,8,0.0,3.4,3.8,walk,0
6.64,11.5,33.8,1,1,0.0,65.2,0,10,2.4,6.2,1.6,car,0
5.31,6.4,31.8,1,1,5.1,11.7,1,9,4.0,8.8,2.1,walk,0
6.42,17.9,40.3,0,1,9.3,94.5,0,8,0.0,8.4,1.0,walk,0
7.06,15.1,21.4,0,2,14.4,41.8,0,8,0.0,3.3,3.9,walk,0
6.56,5.7,28.5,0,0,6.9,28.8,1,8,0.0,0.5,2.6,car,1
6.11,20.9,27.3,0,1,5.0,75.6,0,9,0.0,1.0,0.9,bike,0
7.1,15.3,36.4,0,0,14.4,134.0,0,8,0.0,4.1,-1.0,car,0
6.2,11.9,15.7,1,1,7.2,101.1,0,9,1.9,9.4,4.2,bike,0
6.05,20.0,40.2,1,3,13.3,58.1,0,8,1.8,2.8,0.5,bus,0
7.17,12.8,33.6,0,2,3.3,55.7,0,9,0.0,3.2,2.1,car,0
6.32,11.9,12.2,0,3,1.9,128.1,1,7,0.0,3.1,6.7,car,0
7.09,8.7,42.5,0,0,14.5,0.0,0,9,0.0,3.4,3.6,bike,0
7.13,14.9,54.8,0,2,11.5,137.8,0,7,0.0,5.0,5.2,bus,0
5.43,14.4,40.0,0,0,15.5,0.0,1,8,0.0,1.2,0.9,car,0
6.22,12.1,45.1,0,1,6.8,5.1,0,7,0.0,8.3,4.1,walk,0
8.53,8.1,29.0,0,1,5.2,59.1,0,9,0.0,4.6,2.1,car,0
5.41,12.6,8.1,0,0,18.2,220.2,1,10,0.0,12.4,2.7,car,1
4.26,11.7,5.9,1,0,0.9,190.6,2,8,0.5,1.5,6.0,bike,0
4.57,5.3,31.1,0,0,17.5,132.4,1,10,0.0,9.8,1.4,walk,1
6.83,4.6,20.9,0,1,17.9,111.4,0,9,0.0,9.2,2.0,walk,1
6.84,14.8,17.0,0,3,15.2,0.0,0,9,0.0,3.8,0.2,car,0
6.66,0.0,27.2,1,1,5.9,99.4,0,9,4.0,3.8,3.8,car,1
8.26,13.0,35.4,0,3,5.1,57.0,0,8,0.0,2.2,0.9,bike,0
3.59,9.6,10.6,0,1,8.7,41.0,0,10,0.0,2.3,4.0,car,0
7.28,18.5,22.6,0,0,2.2,99.3,1,10,0.0,5.0,-1.3,bus,0
8.67,9.5,46.1,0,1,4.2,61.7,1,10,0.0,5.1,3.1,car,0
5.45,15.3,15.1,0,2,13.9,142.2,0,8,0.0,0.2,0.7,walk,0
6.34,10.0,38.4,1,0,13.9,0.0,0,9,4.2,11.9,3.5,walk,0
5.9,12.6,22.2,0,2,3.7,94.5,1,8,0.0,4.2,2.0,bus,0
5.73,15.7,34.5,0,1,14.1,37.3,1,9,0.0,5.2,0.9,bus,1
6.41,9.7,41.2,0,1,12.7,65.4,0,7,0.0,3.1,1.2,bus,1
8.51,17.0,36.9,1,2,19.1,108.3,1,8,2.1,4.2,0.3,bike,0
9.0,7.0,38.9,1,2,13.4,23.0,0,9,1.4,3.9,3.7,walk,0
6.4,13.5,14.2,1,2,16.4,99.9,0,10,0.6,5.0,-0.1,bike,1
9.09,16.6,41.4,0,2,12.9,77.3,0,7,0.0,5.0,1.5,walk,0
6.84,15.3,17.8,1,1,15.9,50.4,0,9,0.7,7.4,2.7,car,0
8.9,21.6,31.1,1,1,2.3,61.8,0,9,2.2,5.7,5.2,walk,0
6.69,8.2,31.1,0,3,9.3,80.7,1,11,0.0,7.1,2.0,bike,1
6.96,5.1,33.8,0,1,9.8,43.9,0,9,0.0,5.0,1.5,bus,0
7.24,7.0,32.0,1,2,8.5,90.4,0,8,3.3,5.7,2.5,bus,0
10.5,15.3,17.9,0,2,12.7,73.3,1,8,0.0,4.3,-2.0,bus,0
7.82,14.5,11.8,1,1,13.8,53.3,1,9,0.1,8.0,-0.4,walk,0
5.95,12.5,38.5,0,0,12.4,185.4,2,8,0.0,6.0,1.2,bus,0
7.96,6.4,30.2,0,2,8.9,114.9,2,11,0.0,4.5,0.6,walk,0
6.37,15.8,41.8,0,0,5.6,67.0,0,11,0.0,4.4,-1.2,walk,0
6.21,5.9,27.5,1,1,16.6,98.8,0,11,4.0,4.7,3.7,bike,0
7.89,17.8,11.1,1,3,12.1,28.4,0,8,1.1,5.1,2.5,walk,1
6.84,26.3,39.6,0,2,3.9,63.8,1,10,0.0,4.8,2.3,walk,0
7.13,13.8,23.6,0,1,8.8,70.8,0,9,0.0,3.3,0.6,bus,1
6.82,14.9,32.1,0,1,0.0,15.2,1,7,0.0,7.3,2.2,bus,1
7.2,9.5,20.2,0,1,10.2,113.2,1,8,0.0,7.5,3.0,bus,0
7.31,2.9,47.7,1,0,8.8,59.7,1,8,5.7,10.4,1.5,bike,0
4.48,9.0,17.5,0,0,6.6,68.7,0,8,0.0,3.2,2.9,bus,1
7.6,6.5,24.0,0,3,19.5,55.9,1,11,0.0,7.0,0.4,bus,0
5.62,4.8,29.3,0,2,3.1,267.5,0,10,0.0,0.0,2.2,bus,0
5.07,20.6,14.9,1,1,14.2,50.2,0,8,0.8,7.5,4.3,bus,0
6.73,13.4,32.0,0,2,23.1,0.0,1,9,0.0,0.6,4.5,bike,0
6.9,13.9,47.3,1,1,16.5,0.0,0,8,5.0,2.0,4.7,bus,0
5.97,10.5,22.1,0,0,9.8,135.6,0,8,0.0,6.0,2.6,car,0
7.8,11.1,32.7,0,0,3.2,170.2,0,7,0.0,3.1,2.1,bus,0
5.19,16.8,0.0,1,0,1.8,49.1,1,9,0.0,2.7,1.1,bus,0
6.31,11.8,27.5,0,0,7.5,166.7,2,9,0.0,3.5,-1.6,bus,0
6.1,14.7,24.2,1,2,5.9,134.5,1,10,1.3,7.2,-0.7,car,0
6.74,11.0,18.2,0,1,5.7,78.6,2,10,0.0,2.2,1.7,bus,1
7.13,10.3,41.0,1,0,8.0,74.4,0,8,4.5,4.8,1.8,bus,0
5.59,5.0,24.1,1,3,9.4,100.9,0,10,2.6,3.9,4.8,car,1
7.67,2.1,25.9,1,2,12.9,142.6,1,8,2.9,7.5,4.6,bus,0
6.88,10.7,23.5,0,0,2.6,113.8,1,8,0.0,7.5,0.6,bus,0
4.53,12.3,5.0,1,0,5.9,49.4,1,9,0.5,0.0,3.6,bus,0
4.45,5.6,14.4,1,3,9.0,79.5,0,7,0.5,8.1,1.0,walk,1
6.79,11.8,39.5,0,2,8.8,208.9,0,8,0.0,3.2,3.4,car,0
6.53,12.3,2.7,0,2,21.0,105.1,1,8,0.0,5.7,3.6,bus,1
6.68,1.2,18.8,1,1,11.4,142.2,3,8,1.9,2.2,4.5,walk,1
6.77,7.4,23.2,0,2,0.3,122.4,3,11,0.0,6.1,1.0,walk,0
7.07,14.0,48.9,1,1,12.5,106.4,1,8,2.2,12.7,4.0,car,0
7.94,13.9,37.2,1,1,13.3,96.5,0,9,4.7,5.4,-1.7,bus,0
5.47,6.2,21.3,0,1,9.2,143.8,2,11,0.0,3.6,4.6,bus,0
5.39,12.8,43.7,0,1,2.7,133.1,0,9,0.0,4.3,1.9,car,0
5.49,17.1,19.1,0,2,20.5,105.8,1,8,0.0,0.6,2.0,bus,1
7.15,15.9,40.1,0,3,3.6,48.4,0,11,0.0,9.3,-2.0,bike,0
8.29,11.5,11.7,1,1,14.0,113.1,2,8,1.5,5.9,1.2,bike,0
6.28,9.7,40.9,0,2,11.2,86.0,1,8,0.0,1.9,4.7,bus,0
3.8,8.9,23.1,0,1,13.6,71.5,0,9,0.0,2.0,1.1,bike,1
4.76,14.3,15.7,1,1,20.2,250.7,2,8,2.3,5.0,3.4,car,0
5.8,13.0,25.4,0,1,13.4,0.0,0,10,0.0,7.8,2.1,walk,0
6.13,15.1,31.3,1,1,6.6,147.5,0,7,2.0,1.5,4.1,walk,0
6.31,12.7,22.1,0,4,16.6,38.2,0,9,0.0,8.3,2.4,car,1
6.85,16.1,34.6,0,1,6.2,97.9,0,10,0.0,4.7,0.1,bus,1
6.43,12.5,21.0,0,0,11.0,244.1,0,11,0.0,2.2,2.1,bus,0
8.06,15.9,35.4,1,1,2.2,32.3,1,8,5.1,3.6,5.2,walk,0
5.99,16.4,33.3,1,1,3.8,46.6,1,8,4.2,10.2,3.0,car,0
5.77,8.0,27.3,1,1,10.3,88.9,2,11,1.6,0.8,1.8,bike,0
7.37,3.0,22.7,1,0,12.2,39.2,0,9,0.2,2.8,6.5,car,0
4.96,19.7,29.8,1,3,0.0,143.0,1,7,2.3,7.9,4.3,bus,0
7.27,13.3,34.6,1,0,13.0,57.9,0,7,2.0,5.6,3.6,car,1
6.92,3.4,52.7,0,2,5.1,129.2,0,10,0.0,2.6,2.6,bus,0
6.62,8.4,39.3,1,3,17.7,10.2,1,9,0.6,7.9,3.5,bus,0
8.71,15.9,39.7,0,1,7.9,0.0,0,9,0.0,8.0,3.5,bike,0
6.05,10.6,65.1,1,2,3.3,76.3,0,10,2.0,6.0,-2.0,bus,0
9.27,9.4,34.2,0,0,10.5,0.0,1,8,0.0,3.2,2.8,bus,0
6.53,19.0,33.8,0,5,4.5,181.1,2,8,0.0,3.6,1.7,walk,0
5.27,6.8,36.4,1,1,17.6,0.0,0,9,2.4,5.9,1.0,bus,0
6.88,8.0,15.9,0,0,10.0,27.7,2,10,0.0,1.1,1.6,bike,0
5.51,13.1,22.7,0,0,9.1,114.8,0,8,0.0,9.0,-1.1,walk,0
5.9,14.0,21.9,1,1,13.6,54.8,0,9,2.5,10.1,-1.6,bike,0
7.28,14.5,35.8,0,3,4.0,0.0,0,8,0.0,4.3,4.5,bus,0
7.47,16.6,25.9,0,1,2.3,212.4,0,8,0.0,6.1,2.9,bus,0
6.05,13.0,29.7,0,1,12.5,29.9,0,11,0.0,8.6,-2.0,bike,0
7.98,14.4,41.0,0,1,3.4,78.2,0,8,0.0,10.9,0.8,walk,0
8.19,10.7,38.4,0,0,3.4,77.4,3,7,0.0,9.7,3.8,car,0
8.52,12.3,26.1,1,0,15.0,132.6,1,10,2.2,0.0,1.4,car,0
7.44,12.5,20.0,1,1,13.2,117.7,1,8,1.4,4.1,4.5,bus,1
8.44,13.1,41.6,1,1,2.5,40.4,1,8,2.5,6.5,4.1,bus,0
4.54,15.9,37.3,1,1,6.3,70.5,1,10,1.5,3.5,-0.7,walk,0
6.42,14.8,8.7,0,0,4.6,76.4,1,8,0.0,10.3,1.7,bike,0
5.76,12.2,24.2,1,2,20.7,134.9,0,9,1.6,9.9,1.1,walk,1
6.94,8.0,30.0,0,1,15.4,19.9,0,8,0.0,2.6,-0.8,car,0
6.11,12.3,37.3,0,1,7.5,211.1,0,8,0.0,4.5,-0.9,car,0
6.6,11.9,38.9,1,1,13.5,44.4,1,9,0.6,2.8,0.4,walk,0
9.06,13.0,31.4,1,1,1.9,89.5,0,8,1.6,4.4,0.7,bike,0
6.6,23.0,35.0,0,0,6.0,20.4,2,10,0.0,4.3,2.6,bus,0
7.3,9.4,28.8,1,0,10.6,12.1,1,11,3.1,7.9,4.1,bus,1
6.52,14.1,19.9,0,1,12.7,37.5,0,10,0.0,2.3,3.0,walk,0
6.89,17.3,24.9,0,4,9.4,31.8,2,8,0.0,0.0,3.5,bike,0
6.81,12.5,28.2,0,2,11.5,65.1,0,8,0.0,0.2,1.5,walk,0
7.34,23.7,27.6,0,1,10.5,31.3,0,10,0.0,1.9,3.2,car,0
8.2,10.1,5.4,0,0,9.0,131.7,1,9,0.0,3.0,1.7,bus,0
8.78,13.6,23.2,0,0,8.2,43.0,0,10,0.0,5.6,1.1,bus,0
7.17,8.0,28.7,0,0,7.4,36.4,2,10,0.0,1.8,5.8,car,0
7.51,10.2,24.6,0,1,11.4,66.4,0,8,0.0,1.4,-2.0,bike,0
5.42,13.2,25.0,1,2,12.5,149.6,0,8,2.5,2.2,-1.7,bus,0
6.69,16.2,33.9,0,2,11.2,102.9,1,9,0.0,1.7,2.8,bus,0
7.93,13.6,15.1,1,2,2.9,84.0,0,9,0.9,3.3,1.5,bus,0
7.84,18.3,8.5,0,2,4.0,4.0,1,8,0.0,3.2,-0.9,bus,1
7.05,11.5,23.8,0,2,12.4,21.4,0,9,0.0,7.1,-0.1,car,0
7.86,10.3,37.2,1,3,18.8,13.3,1,10,5.2,2.0,0.2,bus,0
7.39,25.5,48.3,0,1,10.9,168.4,2,8,0.0,3.9,3.8,bus,0
8.24,14.0,37.4,0,3,7.5,121.8,2,8,0.0,3.4,4.4,bike,1
7.15,8.4,10.4,0,1,11.3,38.3,1,10,0.0,7.4,5.3,bus,0
6.37,8.5,25.2,0,0,3.2,56.1,0,10,0.0,4.5,-1.2,car,0
7.2,7.3,31.1,0,0,17.9,40.5,1,11,0.0,8.2,-0.7,walk,0
3.5,16.7,30.1,0,1,11.1,36.8,0,8,0.0,1.5,-0.9,walk,0
7.26,10.2,34.5,0,1,6.0,117.6,1,10,0.0,4.9,4.6,bus,0
3.5,12.6,17.0,0,2,9.0,72.7,3,10,0.0,3.3,2.8,bus,1
4.73,11.7,28.8,0,3,6.8,214.9,0,10,0.0,1.3,2.2,car,1
7.34,15.7,33.0,0,0,17.9,165.0,1,8,0.0,4.8,2.5,bus,1
7.37,7.8,37.9,1,0,8.8,168.6,1,7,4.0,10.2,1.9,walk,0
5.41,6.6,18.3,0,2,10.9,130.3,0,9,0.0,2.4,-0.2,bus,0
5.95,13.1,23.9,0,1,13.4,64.6,0,8,0.0,4.6,3.0,bus,0
8.44,15.0,0.0,0,3,5.6,125.9,1,8,0.0,1.1,1.6,bus,0
6.22,13.7,20.5,0,3,11.2,69.1,1,11,0.0,0.6,-0.4,bus,0
9.49,8.0,21.7,0,2,11.6,187.8,0,8,0.0,2.6,3.1,bus,0
6.8,15.4,15.8,0,0,0.7,114.3,1,11,0.0,3.7,1.1,car,0
7.29,8.3,30.0,0,1,11.5,105.7,0,9,0.0,3.8,2.5,bus,0
8.74,9.4,27.3,1,2,9.7,97.6,2,10,0.1,4.3,1.8,bike,0
6.96,7.3,0.9,1,1,10.8,194.4,1,8,0.1,0.1,3.8,walk,0
5.6,18.5,30.6,0,0,10.2,4.0,0,9,0.0,3.1,2.4,car,0
6.67,15.2,16.9,0,2,11.6,200.3,0,9,0.0,6.5,0.2,bus,0
6.76,15.0,33.8,0,2,18.0,78.8,0,11,0.0,0.9,2.6,bus,0
5.16,18.2,12.6,1,1,2.9,5.6,0,8,0.8,3.9,2.7,bus,0
6.49,26.1,28.4,1,2,7.9,44.9,0,8,2.3,5.9,3.0,walk,0
5.91,3.5,24.6,0,1,14.0,0.0,1,11,0.0,2.7,4.1,bus,0
7.91,8.3,31.6,0,4,12.9,129.2,1,7,0.0,6.0,0.8,walk,0
6.84,8.9,29.5,0,1,12.8,27.7,1,9,0.0,0.4,3.3,car,0
6.46,7.7,24.9,1,2,26.5,100.1,2,7,2.2,7.7,-1.4,bus,1
6.67,6.6,9.6,1,0,13.7,158.1,0,7,1.3,6.1,1.8,car,0
7.07,10.5,10.3,0,0,16.8,49.7,0,9,0.0,5.2,1.5,bus,0
7.54,5.9,21.0,0,0,8.2,73.9,1,9,0.0,8.4,4.9,walk,0
5.6,13.7,27.9,0,0,4.0,11.8,0,9,0.0,4.0,1.7,bus,0
5.55,12.3,20.7,1,4,8.1,66.7,1,9,2.6,3.1,3.2,walk,1
8.13,14.4,35.5,1,2,14.3,244.4,0,10,3.0,9.1,-1.5,car,0
6.31,14.5,24.6,0,3,12.4,136.7,3,11,0.0,10.5,1.3,walk,0
5.1,15.0,16.4,0,3,12.4,74.1,0,8,0.0,2.9,0.3,car,1
7.33,10.1,24.7,0,0,8.7,53.3,0,8,0.0,4.7,7.0,walk,0
7.36,22.6,30.7,0,1,7.8,87.4,0,8,0.0,8.1,0.7,bus,0
4.96,13.2,31.9,1,1,8.9,97.8,0,10,1.2,4.8,2.1,walk,1
7.08,2.7,50.5,0,1,14.3,64.9,2,8,0.0,6.8,2.3,bike,1
7.68,7.0,20.0,1,2,15.0,121.8,0,9,1.5,7.3,-1.2,bus,0
7.25,3.3,27.1,0,0,4.0,32.8,0,8,0.0,3.3,0.9,car,1
7.56,12.1,33.1,0,3,14.6,32.5,0,9,0.0,6.3,2.8,bus,1
5.11,11.4,27.7,0,1,6.1,112.2,1,10,0.0,5.0,2.2,walk,0
7.2,9.7,22.0,0,2,12.8,19.9,1,9,0.0,1.3,-2.0,bike,0
6.44,22.1,9.4,0,2,8.8,133.7,0,9,0.0,2.0,0.9,bus,0
6.22,14.7,21.9,1,0,19.4,89.1,1,8,1.2,3.0,4.0,car,0
7.84,15.6,15.1,0,0,7.5,0.0,0,9,0.0,7.8,3.2,bus,0
8.58,7.3,7.3,0,0,11.1,96.6,1,8,0.0,7.9,4.4,bike,0
8.95,7.0,18.5,0,0,13.6,0.0,0,10,0.0,7.2,0.0,walk,0
8.38,12.2,15.4,0,1,4.8,131.6,0,8,0.0,6.3,4.6,car,0
6.67,12.9,35.0,1,4,9.6,75.1,0,8,2.3,6.2,1.9,walk,0
7.22,2.7,35.2,1,0,8.4,201.1,1,8,4.8,5.8,5.2,car,0
7.72,11.1,17.2,0,0,6.9,154.3,2,9,0.0,6.2,2.0,walk,0
6.95,12.1,24.9,1,3,7.4,26.4,0,11,1.5,6.4,-2.0,bike,0
6.96,10.9,5.7,1,1,16.7,0.0,0,8,0.7,0.8,3.7,car,0
7.79,7.9,22.1,1,1,6.4,44.7,0,8,2.5,2.6,1.1,car,0
6.73,9.3,32.8,0,1,13.4,16.7,0,8,0.0,1.9,1.2,bus,0
5.92,11.1,37.9,0,0,11.9,199.5,1,11,0.0,8.3,-0.9,bus,0
6.3,12.5,19.4,0,2,1.6,89.4,0,10,0.0,10.0,5.2,car,0
7.56,15.0,40.6,1,1,13.1,146.0,2,8,3.0,0.0,1.0,bus,0
6.8,17.4,9.8,1,0,1.5,72.9,0,9,0.9,9.7,5.2,bus,0
7.21,10.5,13.0,0,0,13.8,79.2,1,10,0.0,5.3,1.1,walk,1
7.6,9.7,36.5,0,0,7.0,88.0,1,10,0.0,8.0,0.1,bus,1
6.35,14.2,48.1,1,0,10.1,156.4,1,9,0.7,6.5,4.6,bus,0
7.71,15.1,33.9,1,2,2.2,108.7,0,10,1.9,9.3,1.9,bike,0
7.25,9.8,27.5,0,2,10.7,26.6,0,9,0.0,5.6,1.9,walk,0
5.32,16.0,1.7,1,1,15.6,187.4,1,8,0.2,0.9,-0.6,bus,0
8.53,16.9,3.7,0,1,5.2,72.4,3,7,0.0,4.7,1.1,car,0
6.2,18.5,29.6,0,2,6.4,62.7,0,8,0.0,6.5,2.9,bus,0
4.81,20.9,23.7,0,1,12.7,0.0,0,7,0.0,4.4,-0.6,car,0
5.55,7.7,14.7,1,4,12.9,128.1,1,8,0.6,7.0,0.9,walk,1
5.57,12.1,28.8,1,3,0.0,96.1,0,10,2.7,4.8,1.2,bus,0
6.86,12.1,29.4,0,0,22.1,96.0,1,10,0.0,3.2,2.1,bus,0
6.47,11.5,39.3,0,1,13.2,65.8,0,7,0.0,1.7,5.0,bus,0
6.4,8.8,29.6,0,3,14.2,55.5,1,7,0.0,3.8,1.4,bike,0
7.54,4.6,42.7,0,0,9.1,67.8,1,9,0.0,5.6,0.6,walk,0
7.21,12.5,28.1,0,1,0.0,117.8,1,9,0.0,0.0,7.5,bus,0
7.18,8.2,26.6,0,0,14.0,128.3,1,8,0.0,2.7,1.1,walk,0
7.29,12.4,40.8,0,0,6.6,76.1,1,10,0.0,0.0,1.6,bus,0
7.54,8.0,16.3,0,1,13.3,146.9,2,8,0.0,3.1,1.3,car,0
4.27,6.5,61.8,0,1,8.7,85.3,0,7,0.0,8.6,1.4,walk,1
6.36,13.2,32.5,1,0,11.4,59.7,0,10,2.8,1.4,2.2,bus,0
4.18,12.8,32.6,0,0,5.4,101.9,1,9,0.0,7.1,3.8,bus,0
6.84,14.9,34.3,0,2,15.2,8.4,2,8,0.0,13.5,2.8,bike,0
6.79,22.9,50.5,1,0,2.9,104.0,1,9,1.2,9.4,4.2,walk,1
8.05,13.4,37.5,0,3,23.5,0.0,1,11,0.0,5.4,4.1,bus,1
8.23,14.4,8.7,0,2,23.4,28.3,1,7,0.0,7.6,2.4,bike,0
7.04,6.6,44.8,0,1,19.8,0.0,0,9,0.0,0.9,2.8,bus,0
6.2,5.6,23.9,0,1,17.7,79.5,0,8,0.0,0.3,4.2,bike,0
7.38,19.9,29.3,0,0,9.5,186.6,1,9,0.0,5.1,-0.2,bus,1
6.17,7.4,12.6,0,2,17.0,83.0,0,8,0.0,6.2,7.0,car,0
6.8,6.8,34.3,0,2,9.4,128.6,0,8,0.0,8.3,1.0,walk,0
7.98,11.8,20.2,0,1,0.7,231.1,0,8,0.0,3.3,1.3,walk,0
6.13,11.5,29.2,0,1,19.0,114.2,4,10,0.0,5.6,-0.4,bus,1
7.77,7.5,24.6,0,0,16.8,44.1,0,8,0.0,5.5,-0.4,bus,0
7.61,10.5,51.1,0,1,9.8,52.3,1,10,0.0,4.6,3.9,bus,0
5.65,18.1,51.8,0,1,2.6,90.0,0,8,0.0,4.8,6.5,walk,0
7.97,8.0,28.6,1,0,6.5,52.0,1,10,4.0,2.4,0.9,walk,0
7.64,5.0,28.8,0,1,0.0,56.5,0,9,0.0,5.8,2.7,bike,0
6.92,16.7,23.5,0,1,15.7,149.1,0,8,0.0,5.6,2.4,bus,0
5.89,14.5,41.3,0,1,0.4,151.6,2,10,0.0,3.7,4.0,bike,0
5.77,8.9,24.1,0,2,11.7,0.0,2,10,0.0,7.0,6.4,bus,1
6.15,4.1,22.9,1,3,4.9,40.9,1,9,2.5,8.1,5.0,walk,0
7.45,8.3,39.7,0,4,1.4,62.2,1,8,0.0,7.0,1.5,bike,1
5.65,11.7,21.5,0,2,11.4,125.9,0,9,0.0,1.9,3.1,car,0
7.33,17.8,27.5,1,0,8.0,158.6,1,9,3.1,5.3,3.3,car,0
5.31,6.8,9.0,1,1,15.0,252.1,0,8,1.3,2.3,2.0,walk,1
6.56,11.6,36.5,1,3,2.4,62.1,1,10,0.3,5.3,-0.2,bus,0
6.93,15.4,51.3,0,1,5.5,65.1,0,8,0.0,2.3,0.4,car,0
9.73,0.1,36.7,0,1,0.0,125.3,0,9,0.0,8.8,4.3,bus,0
5.15,17.2,45.5,0,1,0.0,49.1,0,9,0.0,7.3,4.5,bus,1
8.57,6.1,17.8,0,2,20.8,81.5,2,11,0.0,8.5,1.6,walk,1
6.98,13.7,30.8,0,0,22.5,65.1,1,8,0.0,8.2,2.5,bike,1
7.29,13.2,16.7,1,0,10.6,0.0,1,8,0.8,4.2,4.4,bike,0
6.94,17.4,25.3,0,2,5.1,97.4,1,8,0.0,3.7,-1.4,car,0
7.33,14.8,37.3,0,0,8.2,79.1,0,9,0.0,10.2,1.1,car,0
6.62,0.1,29.2,0,1,15.2,166.3,0,8,0.0,4.5,6.0,bus,0
8.54,8.1,11.0,0,1,6.9,90.3,0,8,0.0,0.9,2.6,bus,0
6.25,12.7,12.2,0,1,11.4,14.7,0,8,0.0,8.0,-0.3,walk,0
8.16,11.0,11.4,1,1,9.9,74.5,1,10,0.7,5.4,2.2,walk,0
6.03,14.4,33.9,0,2,6.6,0.0,0,8,0.0,9.5,4.0,walk,0
6.73,15.9,52.8,0,1,6.8,17.3,1,9,0.0,5.7,-2.0,car,1
5.51,15.0,44.3,0,2,11.8,128.1,1,8,0.0,4.9,2.4,walk,1
7.35,10.9,5.2,0,3,4.1,75.2,4,8,0.0,9.6,1.3,bus,1
8.53,2.8,45.1,0,1,12.7,145.4,1,7,0.0,0.4,-1.3,bus,0
6.71,9.7,39.2,1,2,7.2,0.0,0,8,0.1,3.2,2.2,bus,1
6.56,14.1,9.5,0,1,10.8,75.5,1,9,0.0,2.3,1.7,bus,0
5.46,6.5,24.4,0,0,18.3,61.5,0,8,0.0,0.0,2.0,walk,1
6.52,15.2,41.1,1,2,9.0,147.4,1,8,2.2,7.6,1.3,bus,0
4.89,16.5,34.6,0,3,15.5,130.4,0,7,0.0,3.3,-0.0,bus,0
5.7,12.6,12.3,1,2,0.0,128.5,0,8,0.4,7.7,-0.9,car,0
7.07,0.0,35.3,0,0,7.2,182.5,2,8,0.0,6.2,0.6,bike,0
8.38,5.6,2.3,0,0,10.2,67.9,1,8,0.0,6.8,3.7,car,1
10.17,21.4,25.3,1,0,21.5,170.1,1,7,0.7,3.6,2.5,bus,0
6.1,9.3,41.7,0,1,0.0,27.3,1,9,0.0,2.7,1.9,walk,0
8.52,2.1,28.2,0,1,9.4,25.1,0,11,0.0,5.3,-0.1,bus,0
7.09,18.2,22.0,0,0,18.7,135.2,1,9,0.0,7.8,1.3,car,0
6.62,12.1,38.7,1,1,5.3,0.0,0,7,3.7,4.8,3.5,walk,0
7.32,17.5,39.7,0,1,8.7,124.4,0,11,0.0,2.9,3.0,walk,1
6.87,13.4,43.7,0,0,12.0,96.1,0,11,0.0,1.4,1.0,car,0
6.93,14.3,38.5,1,0,11.1,154.3,1,9,0.4,5.6,-2.0,car,0
6.31,13.8,41.0,0,1,19.4,86.4,1,8,0.0,3.3,0.7,walk,0
5.12,15.5,36.8,0,1,12.7,93.4,0,10,0.0,4.8,1.0,bike,0
4.95,23.4,31.2,0,2,18.0,120.6,0,11,0.0,4.3,0.2,bus,0
7.58,16.9,29.1,0,1,7.8,50.2,0,10,0.0,3.7,1.2,bus,0
6.47,4.1,25.2,0,2,5.6,47.6,1,9,0.0,5.9,3.6,bus,1
6.08,14.2,13.5,0,2,8.6,118.5,1,9,0.0,6.7,1.9,car,0
6.81,17.7,16.5,0,2,3.0,88.2,0,11,0.0,10.9,4.0,walk,0
7.75,18.0,24.6,0,2,12.9,65.6,0,7,0.0,7.3,-1.0,bike,1
7.02,9.9,30.9,0,1,7.7,85.0,0,8,0.0,9.8,1.4,walk,1
6.01,17.8,45.3,1,2,6.0,185.7,0,10,1.6,2.5,-1.9,bus,0
8.27,16.6,27.5,0,0,13.0,63.4,1,8,0.0,0.2,1.1,bike,0
8.7,24.9,40.0,1,3,3.1,61.7,1,8,0.1,5.0,-0.1,bike,0
7.39,8.2,41.0,1,1,14.6,0.0,1,8,5.6,7.6,4.6,car,1
7.97,9.5,25.2,0,1,7.1,87.5,0,8,0.0,7.1,2.8,bike,0
8.29,10.5,35.1,1,2,17.0,129.4,1,7,0.0,8.6,4.0,bike,0
8.16,9.5,25.1,1,1,7.6,140.2,1,9,1.7,0.0,1.1,bus,0
7.54,7.5,43.9,0,0,13.8,96.5,1,8,0.0,8.8,-0.0,car,0
7.52,0.0,35.6,1,2,11.1,147.4,1,9,4.5,6.0,-0.1,bus,0
7.42,9.8,13.7,0,2,14.5,133.9,1,8,0.0,0.4,2.5,bus,0
5.48,13.8,29.9,1,1,10.7,156.8,0,11,2.7,7.2,5.6,bus,0
7.64,9.5,47.8,0,0,0.0,149.1,0,9,0.0,5.5,2.8,bus,0
5.17,21.7,25.8,0,0,16.1,184.2,0,11,0.0,6.1,1.3,bus,0
5.85,12.1,33.4,0,3,9.5,79.8,0,8,0.0,8.0,1.6,bus,1
8.36,18.5,34.6,1,1,14.7,10.4,1,7,3.2,6.3,1.9,walk,0
7.81,13.3,15.6,0,1,14.1,129.8,2,10,0.0,0.6,6.1,car,0
8.58,16.1,34.1,0,1,5.4,136.8,1,10,0.0,4.6,4.5,car,0
6.47,13.4,11.3,0,3,4.5,184.2,1,7,0.0,0.1,2.5,bus,0
5.42,18.8,20.5,0,2,13.9,166.9,2,9,0.0,6.9,2.2,car,1
6.51,12.3,40.9,1,2,8.2,206.7,2,9,5.6,9.2,2.6,bus,0
6.92,14.5,32.3,1,1,15.6,127.2,1,8,3.9,1.3,3.0,bus,0
6.89,13.8,24.3,0,0,8.9,103.7,0,9,0.0,3.0,1.2,car,1
8.16,10.6,33.4,0,1,16.1,6.9,0,8,0.0,2.4,0.3,bus,0
6.37,14.0,27.3,0,1,12.5,108.5,0,7,0.0,3.6,4.1,bike,0
7.22,23.2,28.2,0,0,11.7,56.8,1,10,0.0,6.2,2.0,bus,0
5.61,10.6,35.9,1,1,7.8,102.7,2,9,3.7,3.7,3.9,bus,1
7.34,14.1,19.3,1,1,11.4,93.3,0,10,0.5,7.0,5.3,walk,0
6.8,18.3,28.5,0,3,17.2,118.3,0,10,0.0,8.2,3.0,car,0
5.9,17.7,24.3,0,0,9.7,84.2,0,11,0.0,8.3,2.7,walk,0
6.52,12.1,9.0,0,0,13.2,146.1,0,8,0.0,1.6,8.0,bus,0
6.58,0.1,17.0,0,2,10.3,0.0,0,8,0.0,9.2,2.4,walk,0
6.48,14.6,46.8,0,2,10.7,101.4,0,8,0.0,9.4,-0.2,bus,1
8.93,0.9,32.6,1,0,20.3,162.1,0,9,3.4,9.7,1.4,bus,0
6.68,19.3,12.1,0,1,17.2,202.2,1,9,0.0,4.5,5.1,bike,1
6.51,12.8,9.5,1,2,10.5,133.9,0,10,0.2,2.7,-0.6,bus,0
4.28,17.0,26.7,0,2,11.3,191.1,1,8,0.0,2.0,0.5,walk,0
5.73,7.5,46.7,0,1,5.8,100.1,2,8,0.0,1.7,4.2,walk,1
6.48,4.2,25.8,0,2,9.0,90.2,3,10,0.0,5.0,1.5,walk,0
5.98,13.3,43.7,0,1,11.9,121.8,0,10,0.0,7.5,1.8,bike,0
8.46,11.8,32.2,0,1,15.1,89.8,0,8,0.0,8.9,4.1,car,0
6.6,9.5,33.7,0,1,14.5,43.1,1,9,0.0,3.5,0.6,bus,0
8.35,12.4,12.0,1,0,3.3,59.1,0,9,1.1,4.9,-0.9,bus,0
6.87,25.8,39.3,0,0,15.9,23.3,0,10,0.0,4.7,-0.8,walk,0
6.84,16.2,24.0,1,0,9.5,121.7,0,8,1.5,3.1,3.2,car,0
6.69,17.2,38.4,1,0,4.1,90.7,0,9,5.1,7.2,2.5,car,0
6.8,16.2,18.2,0,2,18.0,68.4,0,7,0.0,6.1,0.6,bike,0
8.86,19.4,30.1,0,1,18.8,56.0,1,8,0.0,5.4,-0.3,walk,0
4.02,11.0,32.2,0,0,11.6,120.3,0,10,0.0,6.1,1.5,bus,0
4.4,1.7,26.2,0,0,14.3,136.8,0,8,0.0,6.8,4.2,car,0
6.15,11.1,32.9,1,2,14.6,22.2,1,7,4.7,6.8,0.3,walk,0
6.82,16.1,24.8,1,2,18.4,12.7,3,8,2.4,2.5,0.7,bike,0
7.63,7.2,20.2,0,0,14.4,147.3,1,8,0.0,7.7,-0.4,car,0
7.37,11.1,47.3,0,0,2.0,7.5,1,10,0.0,5.8,1.3,bike,0
6.34,8.5,40.6,1,3,22.1,122.8,1,8,5.7,3.7,2.7,bus,1
8.02,19.5,18.9,1,3,16.4,187.0,0,10,1.3,5.7,6.2,bus,0
8.04,15.7,34.8,0,0,6.9,187.2,0,10,0.0,6.0,2.4,car,0
7.02,15.3,19.1,1,0,3.8,134.3,1,8,2.8,8.2,1.9,bus,0
7.96,15.1,13.8,0,2,13.0,132.5,0,10,0.0,1.9,3.7,car,0
7.13,11.8,40.4,0,1,8.3,225.1,1,8,0.0,9.0,3.4,bus,0
6.13,13.0,7.6,0,1,12.0,0.0,1,8,0.0,5.1,0.8,bike,1
7.64,6.1,39.1,0,0,14.5,62.1,0,7,0.0,3.5,6.6,car,1
6.93,1.1,25.0,1,2,6.6,140.9,1,7,3.0,3.4,2.0,bus,0
6.8,12.8,25.5,0,0,3.3,69.8,1,7,0.0,2.0,2.5,bus,0
8.57,13.6,32.9,0,0,12.3,164.4,1,8,0.0,0.0,3.1,walk,0
3.86,18.0,35.0,0,0,6.8,87.6,0,10,0.0,7.0,2.7,car,0
5.1,19.9,18.1,0,0,10.9,97.9,1,9,0.0,10.9,5.1,bus,0
5.38,19.8,36.6,0,0,1.9,73.5,1,11,0.0,0.1,0.8,bus,0
6.36,7.0,29.4,0,3,8.5,58.6,0,9,0.0,2.1,3.6,car,0
6.49,10.2,12.9,1,2,14.3,57.2,0,9,1.0,7.3,2.3,car,1
4.99,14.4,26.0,0,1,13.6,106.3,1,8,0.0,4.9,4.0,car,1
5.62,24.7,44.6,1,1,5.3,43.5,0,9,4.6,7.5,1.6,bus,0
5.77,19.4,48.1,0,1,3.0,147.2,0,8,0.0,4.7,1.3,car,1
9.75,17.6,36.6,1,3,10.1,129.2,0,11,1.8,3.3,3.5,car,0
8.96,10.1,13.7,1,2,13.4,156.0,0,11,0.9,4.3,2.7,walk,0
6.31,7.6,33.9,0,3,12.4,22.3,0,8,0.0,0.0,0.4,car,1
6.36,15.9,38.2,0,2,6.9,0.0,1,9,0.0,1.6,4.7,bus,1
5.42,6.5,36.7,1,0,11.8,89.7,0,9,1.0,7.8,3.5,car,0
4.51,10.8,37.4,0,0,19.0,263.9,0,9,0.0,8.6,1.9,bike,0
6.66,11.4,32.4,0,0,11.2,166.0,0,8,0.0,9.2,1.1,bus,0
5.6,20.0,27.1,0,2,0.2,56.7,0,9,0.0,6.3,2.7,bus,1
6.7,10.2,20.7,0,1,11.2,115.5,1,10,0.0,0.0,3.3,walk,0
4.88,0.0,5.2,0,3,22.3,133.7,1,8,0.0,3.1,-1.2,bus,1
5.89,14.5,32.1,1,1,2.3,7.9,2,9,0.2,9.0,2.8,bike,1
6.98,8.5,30.2,0,0,10.2,172.2,1,8,0.0,9.9,3.3,car,0
7.24,12.2,34.7,1,1,8.6,80.0,3,11,0.6,9.1,-2.0,walk,1
7.3,11.6,11.9,1,1,10.6,84.6,1,8,0.8,4.3,2.4,walk,0
5.22,10.6,35.7,0,4,11.2,91.4,2,8,0.0,1.1,3.4,bike,0
7.83,16.0,52.7,0,0,16.8,158.7,1,8,0.0,4.9,3.2,bus,1
5.84,4.3,28.9,0,2,10.5,44.7,0,10,0.0,5.0,3.6,walk,0
7.56,9.4,27.3,0,1,17.7,0.0,0,10,0.0,9.7,1.3,walk,0
6.79,15.4,31.7,0,0,9.3,109.4,2,7,0.0,5.7,-0.1,bus,1
5.15,8.9,52.4,0,1,7.9,0.0,1,8,0.0,5.1,-1.6,bus,1
6.42,4.0,15.7,0,3,6.0,71.9,0,10,0.0,5.2,4.2,car,0
7.24,15.3,30.4,1,1,0.0,161.2,2,8,1.6,6.2,3.4,bus,1
7.54,17.6,18.4,0,2,11.7,124.7,2,7,0.0,6.9,4.3,walk,0
6.63,11.8,21.4,0,0,22.3,152.5,1,11,0.0,2.8,0.5,bike,0
8.64,2.2,27.4,0,2,12.7,127.2,0,8,0.0,1.8,3.6,car,0
8.01,15.5,44.2,0,0,14.1,234.6,0,9,0.0,9.1,-1.0,bus,0
6.49,3.7,49.6,1,0,7.5,54.7,0,8,6.4,0.1,0.3,car,1
7.7,13.5,33.4,0,2,8.5,113.9,0,10,0.0,9.9,2.3,bike,0
9.12,7.6,23.5,0,1,15.9,63.7,1,10,0.0,0.0,3.3,car,0
9.15,6.2,57.9,0,1,22.1,147.4,0,8,0.0,3.2,5.4,bus,0
5.33,9.8,22.9,0,1,18.9,86.3,1,9,0.0,7.9,1.5,walk,0
5.69,11.1,21.1,0,0,14.8,193.1,1,11,0.0,5.0,0.3,walk,0
8.58,8.8,6.7,0,2,10.2,58.2,0,10,0.0,1.1,0.2,bike,0
5.53,14.9,44.8,1,3,11.3,174.4,3,8,1.0,6.3,0.6,car,0
